51.448467,0.1415716,East Rochester Way; Upton Road,,,,,Upton Road
51.4487771,0.1256798,East Rochester Way,,,,,East Rochester Way
51.4633933,0.1325248,Avenue Road; Pickford Lane; Station Road,,,,,Station Road
51.4602914,0.1208784,Bethel Road; Park View Road,,,,,Park View Road
51.4594355,0.125839,Brampton Road; Crook Log,,,,,Crook Log
51.4591347,0.1277151,Crook Log; Dallin Road,,,,,Dallin Road
51.4588136,0.1297616,Clarence Road; Crook Log,,,,,Crook Log
51.4586781,0.1305711,Avenue Road; Crook Log,,,,,Crook Log
51.4585294,0.1313994,Crook Log; Upton Road,,,,,Upton Road
51.4584486,0.1318656,Broadway; Crook Log; Pickford Road,,,,,Pickford Road
51.4582812,0.1329377,Broadway; Sandford Road,,,,,Sandford Road
51.4581398,0.1339715,Broadway; Harcourt Road,,,,,Harcourt Road
51.4575863,0.1379544,Broadway; Church Road,,,,,Church Road
51.4553911,0.1437866,Albion Road; Townley Road,,,,,Townley Road
51.4554383,0.1437219,Albion Road,,,,,Albion Road
51.4555282,0.1437416,Albion Road,,,,,Albion Road
51.455562,0.143904,Albion Road; Townley Road,,,,,Townley Road
51.4555038,0.1440034,Albion Road,,,,,Albion Road
51.4554107,0.1439753,Albion Road,,,,,Albion Road
51.4502624,0.1215898,Lodge Lane,,,,,Lodge Lane
51.450386,0.1218429,Lodge Lane,,,,,Lodge Lane
51.4506413,0.12161,Lakeside Close,,,,,Lakeside Close
51.4505769,0.1213255,Unnamed,,,,,Unnamed
51.4597207,0.1239685,Crook Log; Danson Road,,,,,Danson Road
51.4468606,0.1339262,Arbuthnot Lane; Oakway Close,,,,,Oakway Close
51.4477076,0.1335459,Oakway Close; Torbrook Close,,,,,Torbrook Close
51.4552197,0.1437784,Townley Road,,,,,Townley Road
51.4553874,0.1439261,Albion Road; Townley Road,,,,,Townley Road
51.4473832,0.1347354,Arbuthnot Lane; Meadowview Road,,,,,Meadowview Road
51.4476993,0.135192,Arbuthnot Lane; Gresham Close,,,,,Gresham Close
51.4535443,0.1431095,Townley Road,,,,,Townley Road
51.446746,0.135607,Meadowview Road,,,,,Meadowview Road
51.447208,0.1358233,Basing Drive; Gresham Close,,,,,Gresham Close
51.4468676,0.1363134,Gresham Close,,,,,Gresham Close
51.455851,0.1229392,Danson Road,,,,,Danson Road
51.4494936,0.1429948,Horsham Road,,,,,Horsham Road
51.4493813,0.14266,Horsham Road,,,,,Horsham Road
51.4519649,0.143595,Horley Close; Horsham Road,,,,,Horsham Road
51.4523764,0.1438838,Horley Close,,,,,Horley Close
51.4515208,0.1433123,Highfield Road; Horsham Road,,,,,Horsham Road
51.4518794,0.1413519,Highfield Road; Oaklands Road; Townley Road,,,,,Townley Road
51.4527501,0.1407747,Martin Dene; Oaklands Close; Oaklands Road,,,,,Oaklands Road
51.4535653,0.1418956,Oaklands Close,,,,,Oaklands Close
51.4514785,0.1364433,Iris Avenue; Upton Road,,,,,Upton Road
51.4521978,0.1387157,Martin Dene; Martin Rise,,,,,Martin Rise
51.4488925,0.1391083,Upton Close; Upton Road,,,,,Upton Road
51.4491203,0.1396459,Upton Close,,,,,Upton Close
51.4485119,0.1376403,East Rochester Way; Upton Road,,,,,Upton Road
51.4532006,0.138671,Bellevue Road; Martin Rise,,,,,Martin Rise
51.4532189,0.1364153,Bellevue Road; Lion Road,,,,,Lion Road
51.4540343,0.1362233,Freta Road; Lion Road,,,,,Lion Road
51.4543044,0.1399262,Oaklands Road; Royal Oak Road,,,,,Royal Oak Road
51.4544043,0.1405967,Hawthorn Road; Methuen Road; Oaklands Road; Royal Oak Road,,,,,Royal Oak Road
51.4555828,0.1391464,Hawthorn Road; Heathfield Road; Methuen Road; Oaklands Road,,,,,Oaklands Road
51.4549687,0.1395176,Izane Road; Oaklands Road,,,,,Oaklands Road
51.4548556,0.1361186,Izane Road; Lion Road,,,,,Lion Road
51.4552667,0.1360639,Lewin Road; Lion Road,,,,,Lion Road
51.4557182,0.1360339,Heathfield Road; Lion Road,,,,,Lion Road
51.4540263,0.1353247,Lewin Road; Robin Hood Lane,,,,,Robin Hood Lane
51.4550525,0.1325592,Hansol Road; Upton Road,,,,,Upton Road
51.452655,0.1318174,Mount Road; Sibley Close,,,,,Sibley Close
51.4523231,0.1328668,Sibley Close,,,,,Sibley Close
51.4523818,0.1307247,Hansol Road; Mount Road,,,,,Mount Road
51.4529244,0.131011,Ditton Road; Hansol Road,,,,,Hansol Road
51.4535615,0.1314537,Charlotte Close; Hansol Road,,,,,Hansol Road
51.4546207,0.1322117,Hansol Road; Timothy Close,,,,,Timothy Close
51.4517196,0.1270189,Alers Road; Brook Lane; Grosvenor Road,,,,,Grosvenor Road
51.4516258,0.1276849,Grosvenor Road; Olron Crescent,,,,,Olron Crescent
51.4523856,0.1274585,Alers Road; Mount Road,,,,,Mount Road
51.4532195,0.1278604,Alers Road; Ditton Road,,,,,Ditton Road
51.4536886,0.1271134,Iverhurst Close,,,,,Iverhurst Close
51.4532711,0.126911,Iverhurst Close,,,,,Iverhurst Close
51.4535239,0.1280124,Alers Road; Iverhurst Close,,,,,Iverhurst Close
51.4541683,0.1273277,Iverhurst Close,,,,,Iverhurst Close
51.4552708,0.1324128,Upton Road; Windsor Road,,,,,Windsor Road
51.4553574,0.1313188,Windsor Road,,,,,Windsor Road
51.4548427,0.1282944,Alers Road; Bean Road; Red House Lane,,,,,Red House Lane
51.456054,0.1318597,Paddock Road; Red House Lane; Upton Road,,,,,Upton Road
51.4543487,0.1309611,Timothy Close,,,,,Timothy Close
51.4546038,0.1314931,Timothy Close,,,,,Timothy Close
51.4530838,0.1294598,Cuxton Close; Ditton Road,,,,,Ditton Road
51.4546427,0.1298177,Cuxton Close,,,,,Cuxton Close
51.4564584,0.13598,Lion Road; Standard Road,,,,,Standard Road
51.4578448,0.1361954,Broadway; Lion Road,,,,,Lion Road
51.4565911,0.1339995,Devonshire Road; Standard Road,,,,,Standard Road
51.4560272,0.1339596,Paddock Road; Sunland Avenue,,,,,Sunland Avenue
51.4560075,0.1333856,Lenor Close; Paddock Road,,,,,Paddock Road
51.4567262,0.1316347,Sydney Road; Upton Road,,,,,Upton Road
51.4564406,0.1270253,Dallin Road; Sydney Road,,,,,Sydney Road
51.456629,0.125858,Balcombe Close; Sydney Road,,,,,Sydney Road
51.4562147,0.1245774,South Close,,,,,South Close
51.4553713,0.1285834,Askern Close; Red House Lane,,,,,Red House Lane
51.4559421,0.1261785,Askern Close,,,,,Askern Close
51.4554752,0.1235178,Bean Road,,,,,Bean Road
51.4565987,0.1230665,Danson Road; The Grove,,,,,The Grove
51.457278,0.1231804,Danson Road; The Grove,,,,,The Grove
51.456869,0.1238755,The Grove,,,,,The Grove
51.4574317,0.1249208,North Close,,,,,North Close
51.4570222,0.1260653,Balcombe Close,,,,,Balcombe Close
51.4576763,0.1284274,Brunswick Road; Robina Close,,,,,Robina Close
51.4569794,0.1283968,Robina Close,,,,,Robina Close
51.4576624,0.1292739,Brunswick Road; Clarence Road,,,,,Clarence Road
51.4577222,0.1313137,Brunswick Road; Upton Road,,,,,Upton Road
51.4580666,0.134502,Broadway; Devonshire Road,,,,,Devonshire Road
51.4578938,0.1328819,Emerton Close,,,,,Emerton Close
51.4582648,0.1330338,Broadway; Emerton Close,,,,,Emerton Close
51.4576073,0.1327809,Emerton Close,,,,,Emerton Close
51.4509938,0.1261969,Brasted Close; Brook Lane,,,,,Brook Lane
51.4513978,0.1254853,Brasted Close,,,,,Brasted Close
51.4517134,0.125966,Brasted Close,,,,,Brasted Close
51.4507218,0.1257493,Brook Lane; Pengarth Road,,,,,Pengarth Road
51.4504322,0.1252897,Brook Lane; Sandhurst Road,,,,,Sandhurst Road
51.4489459,0.1285694,Pengarth Road; Penn Lane,,,,,Penn Lane
51.4485896,0.1299743,Penn Lane,,,,,Penn Lane
51.4487661,0.1275453,Penn Lane,,,,,Penn Lane
51.4497985,0.1257085,Coronation Close; Margaret Road,,,,,Margaret Road
51.4493438,0.1250304,Coronation Close,,,,,Coronation Close
51.4502861,0.1250959,Brook Lane; Margaret Road,,,,,Margaret Road
51.4492089,0.1236196,Brook Lane,,,,,Brook Lane
51.4512742,0.1224782,Danson Road; Sandhurst Road,,,,,Sandhurst Road
51.4511676,0.1237045,Sandhurst Road; Wellington Road,,,,,Wellington Road
51.4515652,0.1226965,Danson Road; Sandhurst Road,,,,,Sandhurst Road
51.4510032,0.1242562,Sandhurst Road; Wellington Road,,,,,Wellington Road
51.4508192,0.1237748,Wellington Road,,,,,Wellington Road
51.4498597,0.1228683,Wellington Road,,,,,Wellington Road
51.4495755,0.1227978,Lodge Lane; Wellington Road,,,,,Wellington Road
51.4501702,0.121977,Lodge Lane,,,,,Lodge Lane
51.4498137,0.1224471,Lodge Lane; Wellington Road,,,,,Wellington Road
51.4493917,0.1230608,Danson Road; Lodge Lane,,,,,Lodge Lane
51.4656094,0.1404104,Belvedere Road; Haslemere Road,,,,,Haslemere Road
51.4650067,0.1402932,Belvedere Road; Fairfield Road,,,,,Fairfield Road
51.4632617,0.1399886,Belvedere Road; Nursery Avenue,,,,,Nursery Avenue
51.4610484,0.1380904,Belvedere Road; Church Road,,,,,Church Road
51.4604949,0.1380086,Bynon Avenue; Church Road,,,,,Church Road
51.4597621,0.1396451,Upland Road,,,,,Upland Road
51.4613911,0.1396289,Upland Road,,,,,Upland Road
51.4621177,0.1393635,Belvedere Road; Upland Road,,,,,Upland Road
51.4625443,0.1424395,Nursery Avenue,,,,,Nursery Avenue
51.4628852,0.1412545,Burr Close; Nursery Avenue,,,,,Nursery Avenue
51.4635524,0.141757,Burr Close,,,,,Burr Close
51.4636451,0.1412688,Burr Close,,,,,Burr Close
51.4626309,0.137488,Church Road; Woodlands Road,,,,,Woodlands Road
51.4634862,0.137434,Church Road; Station Road,,,,,Station Road
51.4610263,0.1347392,Glengall Road; Harlington Road; Stratton Road,,,,,Stratton Road
51.4619919,0.1348913,Glengall Road; Sheridan Road,,,,,Sheridan Road
51.4633365,0.1351475,Glengall Road; Station Road,,,,,Station Road
51.4629905,0.1323946,Avenue Road; Woodlands Road,,,,,Woodlands Road
51.462169,0.13212,Avenue Road; Sheridan Road,,,,,Sheridan Road
51.4617961,0.1319722,Avenue Road; Pickford Road,,,,,Pickford Road
51.4595977,0.1372242,Princess Street; Queen Street,,,,,Queen Street
51.4578659,0.1360434,Broadway; West Street,,,,,West Street
51.4605388,0.1365296,Bynon Avenue,,,,,Bynon Avenue
51.457787,0.1442077,Graham Road; Sherbrooke Close,,,,,Sherbrooke Close
51.4595771,0.1356147,Abbey Road; Ethronvi Road,,,,,Ethronvi Road
51.4580044,0.1349926,Abbey Road; Broadway,,,,,Broadway
51.4593084,0.134446,Harcourt Road,,,,,Harcourt Road
51.4598641,0.1335877,Ethronvi Road; Sandford Road,,,,,Sandford Road
51.4600192,0.1323604,Ethronvi Road; Pickford Road,,,,,Pickford Road
51.4612492,0.1317338,Avenue Road; Chestnut Drive,,,,,Chestnut Drive
51.4604087,0.1313461,Avenue Road; Glynde Road,,,,,Glynde Road
51.4622324,0.1310648,Beechwood Crescent; Blackthorn Grove,,,,,Blackthorn Grove
51.4626805,0.1307237,Blackthorn Grove,,,,,Blackthorn Grove
51.4613994,0.1307027,Blackthorn Grove; Chestnut Drive,,,,,Chestnut Drive
51.4632959,0.1286313,Brampton Road; Fox Hollow Drive,,,,,Fox Hollow Drive
51.4617903,0.1274126,Brampton Road; Chestnut Drive,,,,,Chestnut Drive
51.4619444,0.1275538,Brampton Road; Palmeira Road; South Gipsy Road,,,,,South Gipsy Road
51.4626107,0.128087,Brampton Road; Marlborough Road,,,,,Marlborough Road
51.4611529,0.1268586,Brampton Road; Glynde Road,,,,,Glynde Road
51.460798,0.128968,Glynde Road; Queen Anne Gate,,,,,Queen Anne Gate
51.4606192,0.1300704,Glynde Road,,,,,Glynde Road
51.4601133,0.1300703,Glynde Road,,,,,Glynde Road
51.4597082,0.1291739,Adams Square; Regency Way,,,,,Regency Way
51.4598264,0.1285553,Queen Anne Gate; Regency Way,,,,,Regency Way
51.4592244,0.1289684,Adams Square,,,,,Adams Square
51.4595165,0.1301717,Regency Way,,,,,Regency Way
51.4599419,0.1278857,Gainsborough Square; Hanover Way; Regency Way,,,,,Regency Way
51.4594483,0.127647,Gainsborough Square,,,,,Gainsborough Square
51.4601101,0.1273736,Hanover Way; Longmere Court,,,,,Longmere Court
51.4605379,0.1274539,Hanover Way,,,,,Hanover Way
51.4635038,0.1230623,Marlborough Road; Palmeira Road; South Gipsy Road,,,,,South Gipsy Road
51.4643641,0.1233395,Gipsy Road,,,,,Gipsy Road
51.4638094,0.1231598,South Gipsy Road,,,,,South Gipsy Road
51.4627986,0.1216266,Bethel Road; South Gipsy Road; Westbrooke Road,,,,,Westbrooke Road
51.4649682,0.1427146,Haslemere Road; Hyde Road,,,,,Hyde Road
51.4658573,0.1433653,Hyde Road,,,,,Hyde Road
51.4651176,0.1421903,Haslemere Road; Lonsdale Road,,,,,Lonsdale Road
51.4645545,0.1416543,Lonsdale Road,,,,,Lonsdale Road
51.4640899,0.1375539,Church Road; Percy Road,,,,,Percy Road
51.4641256,0.1352558,Bridge Road; Glengall Road; Percy Road,,,,,Percy Road
51.4648282,0.1353404,Bridge Road; Oldfield Road,,,,,Oldfield Road
51.4648102,0.1359555,Oldfield Road,,,,,Oldfield Road
51.4655178,0.1382008,Church Road; Fairfield Road,,,,,Fairfield Road
51.4648179,0.1378891,Church Road; Oldfield Road,,,,,Oldfield Road
51.4656694,0.1332437,Pickford Lane; Somersham Road,,,,,Somersham Road
51.465507,0.1353027,Somersham Road,,,,,Somersham Road
51.4649481,0.1330065,Oldfield Road; Pickford Lane,,,,,Pickford Lane
51.4657471,0.1314175,Pickford Close,,,,,Pickford Close
51.4648585,0.1329761,Pickford Close; Pickford Lane,,,,,Pickford Lane
51.4642499,0.1327808,Percy Road; Pickford Lane,,,,,Pickford Lane
51.4640107,0.1327046,Basilon Road; Pickford Lane,,,,,Pickford Lane
51.4641517,0.1303855,Basilon Road,,,,,Basilon Road
51.4644711,0.1291034,Basilon Road; Brampton Road,,,,,Brampton Road
51.4649156,0.1290712,Brampton Road; Fairlawn Avenue,,,,,Fairlawn Avenue
51.4649674,0.1282974,Barrington Road; Fairlawn Avenue,,,,,Fairlawn Avenue
51.4646761,0.1234578,Barrington Road; Gipsy Road,,,,,Gipsy Road
51.4654222,0.123714,Fairlawn Avenue; Gipsy Road,,,,,Gipsy Road
51.465905,0.1265712,Holmesdale Road,,,,,Holmesdale Road
51.4656687,0.1292016,Brampton Road; Holmesdale Road,,,,,Holmesdale Road
51.4659525,0.1238846,Gipsy Road,,,,,Gipsy Road
51.4650437,0.1235839,Gipsy Road,,,,,Gipsy Road
51.4560798,0.144124,Royal Oak Road; Townley Road,,,,,Townley Road
51.452625,0.1250927,Green Vale,,,,,Green Vale
51.4522928,0.1274165,Alers Road; Green Vale,,,,,Green Vale
51.4523427,0.1246744,Brasted Close,,,,,Brasted Close
51.4528775,0.1326997,Barton Close; Mount Road,,,,,Mount Road
51.4535596,0.1322543,Barton Close,,,,,Barton Close
51.4535401,0.1345236,Robin Hood Lane; Sunland Avenue,,,,,Sunland Avenue
51.4541516,0.1362079,Lion Road; Robin Hood Lane,,,,,Robin Hood Lane
51.4591176,0.1256992,Talehangers Close,,,,,Talehangers Close
51.4591741,0.1252757,Talehangers Close,,,,,Talehangers Close
51.4588474,0.1251808,Talehangers Close,,,,,Talehangers Close
51.4588763,0.1256692,Talehangers Close,,,,,Talehangers Close
51.4588947,0.1248507,Talehangers Close,,,,,Talehangers Close
51.4592225,0.1249743,Talehangers Close,,,,,Talehangers Close
51.4600011,0.1266752,Longmere Court,,,,,Longmere Court
51.4627109,0.1299591,Blackthorn Grove,,,,,Blackthorn Grove
51.4632813,0.1269168,Fox Hollow Drive,,,,,Fox Hollow Drive
51.4634941,0.12545,Fox Hollow Drive,,,,,Fox Hollow Drive
51.4635113,0.1253348,Fox Hollow Drive,,,,,Fox Hollow Drive
51.4635968,0.1254378,Fox Hollow Drive,,,,,Fox Hollow Drive
51.4634443,0.1257834,Fox Hollow Drive,,,,,Fox Hollow Drive
51.4636701,0.1257982,Fox Hollow Drive,,,,,Fox Hollow Drive
51.4636598,0.1269635,Fox Hollow Drive,,,,,Fox Hollow Drive
51.4633519,0.1264023,Fox Hollow Drive,,,,,Fox Hollow Drive
51.4636418,0.1264261,Fox Hollow Drive,,,,,Fox Hollow Drive
51.4636084,0.1291121,Brampton Road,,,,,Brampton Road
51.4638007,0.1326415,Avenue Road; Pickford Lane; Station Approach,,,,,Station Approach
51.4636703,0.1336583,Station Approach,,,,,Station Approach
51.4612196,0.1384027,Belvedere Road; Upland Road,,,,,Upland Road
51.4597651,0.1381326,Church Road; Mayfield,,,,,Mayfield
51.4596774,0.1387402,Mayfield,,,,,Mayfield
51.4595506,0.1381681,Church Road; Queen Street,,,,,Queen Street
51.4598972,0.1229959,Park View Road,,,,,Park View Road
51.4604173,0.1232675,Park View Road,,,,,Park View Road
51.4577524,0.1431859,Graham Road; Sherbrooke Close,,,,,Sherbrooke Close
51.4575355,0.1433307,Arnsberg Way; Broadway; Graham Road,,,,,Graham Road
51.457577,0.1388449,Trinity Place,,,,,Trinity Place
51.458232,0.1389993,Trinity Place,,,,,Trinity Place
51.457936,0.1389861,Trinity Place,,,,,Trinity Place
51.4580343,0.1380499,Church Road; Trinity Place,,,,,Trinity Place
51.4573652,0.1396958,Banks Lane; Broadway,,,,,Broadway
51.4583023,0.1400774,Banks Lane,,,,,Banks Lane
51.4532401,0.1392816,Bellevue Road,,,,,Bellevue Road
51.4521789,0.1410753,Meadow Close; Oaklands Road,,,,,Oaklands Road
51.4517473,0.1405613,Meadow Close,,,,,Meadow Close
51.453124,0.1336719,Mount Road; Robin Hood Lane; Upton Road,,,,,Upton Road
51.4493457,0.1401836,Upton Close,,,,,Upton Close
51.4506723,0.1374702,Upton Road,,,,,Upton Road
51.4502579,0.1367073,Upton Road,,,,,Upton Road
51.4495917,0.1382867,Arbuthnot Lane; Townley Road; Upton Road,,,,,Upton Road
51.4485938,0.1353752,Iris Avenue,,,,,Iris Avenue
51.4493671,0.1278326,Margaret Road,,,,,Margaret Road
51.4492868,0.1251632,Coronation Close,,,,,Coronation Close
51.4494152,0.1249057,Coronation Close,,,,,Coronation Close
51.4500833,0.126611,Pengarth Road; Penn Lane,,,,,Penn Lane
51.4503142,0.1270638,Pengarth Road,,,,,Pengarth Road
51.4503635,0.1269986,Pengarth Road,,,,,Pengarth Road
51.4502496,0.1271362,Pengarth Road,,,,,Pengarth Road
51.4555895,0.1333825,Lenor Close,,,,,Lenor Close
51.4506947,0.1219621,Danson Road,,,,,Danson Road
51.44767,0.1326798,Torbrook Close,,,,,Torbrook Close
51.4478072,0.1351806,Torbrook Close,,,,,Torbrook Close
51.4483274,0.1391435,Basing Drive,,,,,Basing Drive
51.4503732,0.1212755,Unamed,,,,,Unamed
51.4496701,0.1211045,Danson Road,,,,,Danson Road
51.4507445,0.1214528,Lakeside Close,,,,,Lakeside Close
51.4501348,0.1213624,Danson Road,,,,,Danson Road
51.4492036,0.1397693,Upton Close,,,,,Upton Close
51.4574456,0.1387059,Albion Road; Broadway,,,,,Broadway
51.4554056,0.1228623,Bean Road; Danson Road,,,,,Danson Road
51.4601211,0.1218198,Park View Road; South Gipsy Road; Westbrooke Road,,,,,Westbrooke Road
51.464017,0.1232228,Gipsy Road,,,,,Gipsy Road
51.4596405,0.1363397,Queen Street; Rowan Road; West Street,,,,,West Street
51.4565482,0.1345832,Paddock Road; Standard Road,,,,,Standard Road
51.4614142,0.1336274,Stratton Close,,,,,Stratton Close
51.4604951,0.1338546,Rowan Road; Sandford Road; West Street,,,,,West Street
51.4595417,0.136327,Ethronvi Road; West Street,,,,,West Street
51.4628034,0.1350676,Glengall Road; Woodlands Road,,,,,Woodlands Road
51.46108,0.134196,Sandford Road; Stratton Close; Stratton Road,,,,,Stratton Road
51.4607204,0.1323685,Pickford Road; Rowan Road,,,,,Rowan Road
51.462712,0.1362951,Harlington Road; Stratton Road; Woodlands Road,,,,,Woodlands Road
51.452409,0.1353062,Fairway; Upton Road,,,,,Upton Road
51.453655,0.1304521,Charlotte Close,,,,,Charlotte Close
51.4543535,0.128702,Cobham Place,,,,,Cobham Place
51.4543743,0.128221,Alers Road; Cobham Place,,,,,Cobham Place
51.4576796,0.1281974,Brunswick Close; Brunswick Road,,,,,Brunswick Road
51.4580781,0.1283543,Brunswick Close,,,,,Brunswick Close
51.4600997,0.1292517,Portman Close,,,,,Portman Close
51.4601874,0.1287046,Portman Close; Queen Anne Gate,,,,,Queen Anne Gate
51.4536215,0.134496,Sunland Avenue,,,,,Sunland Avenue
51.4557464,0.1229172,Bean Road; Danson Road,,,,,Danson Road
51.4624823,0.1292068,Beechwood Crescent,,,,,Beechwood Crescent
51.4504832,0.1218566,Danson Road,,,,,Danson Road
51.4506041,0.1213731,Lakeside Close,,,,,Lakeside Close
51.4506348,0.1216352,Danson Road,,,,,Danson Road
51.4575594,0.1381616,Broadway,,,,,Broadway
51.4567439,0.1388155,Albion Road,,,,,Albion Road
51.4568894,0.138701,Albion Road,,,,,Albion Road
51.4566995,0.1386961,Albion Road,,,,,Albion Road
51.4568758,0.1385989,Albion Road,,,,,Albion Road
51.4501738,0.1215063,Danson Road,,,,,Danson Road
51.4502993,0.1213689,Danson Road,,,,,Danson Road
51.4518046,0.1364085,Lion Road; Martin Dene,,,,,Martin Dene
51.4516573,0.1362513,Lion Road; Upton Road,,,,,Upton Road
51.4555534,0.1425599,Royal Oak Road,,,,,Royal Oak Road
51.456935,0.1424979,Arnsberg Way; Broadway,,,,,Broadway
51.4583259,0.1304073,Unnamed,,,,,Unnamed
51.4582258,0.1313192,Upton Road,,,,,Upton Road
51.4597351,0.1238749,Crook Log; Danson Road; Park View Road,,,,,Park View Road
51.4595257,0.1238298,Danson Road,,,,,Danson Road
51.45981,0.1234532,Park View Road,,,,,Park View Road
51.4630404,0.1292688,Blackthorn Grove,,,,,Blackthorn Grove
51.4631117,0.1307828,Blackthorn Grove,,,,,Blackthorn Grove
51.4631582,0.130043,Blackthorn Grove,,,,,Blackthorn Grove
51.4560533,0.1319158,Paddock Road,,,,,Paddock Road
51.4560527,0.1319299,Paddock Road,,,,,Paddock Road
51.4556773,0.1425486,Albion Road; Royal Oak Road,,,,,Royal Oak Road
51.4557596,0.1424637,Albion Road; Royal Oak Road,,,,,Royal Oak Road
51.4601302,0.1372206,Princess Street,,,,,Princess Street
51.4590754,0.1260203,Unnamed,,,,,Unnamed
51.4594388,0.1258179,Crook Log; Talehangers Close,,,,,Talehangers Close
51.4513295,0.1229877,Sandhurst Road,,,,,Sandhurst Road
51.456708,0.131643,Standard Road; Upton Road,,,,,Upton Road
51.4534823,0.1323048,Barton Close,,,,,Barton Close
51.4535115,0.1324219,Barton Close,,,,,Barton Close
51.4533875,0.1342698,Robin Hood Lane,,,,,Robin Hood Lane
51.4533634,0.1342047,Robin Hood Lane,,,,,Robin Hood Lane
51.4536601,0.1344484,Sunland Avenue,,,,,Sunland Avenue
51.45426,0.1399538,Freta Road; Oaklands Road,,,,,Oaklands Road
51.4635989,0.1418513,Unnamed,,,,,Unnamed
51.4633773,0.1351536,Bridge Road; Glengall Road; Station Road,,,,,Station Road
51.4582753,0.1307227,Unnamed,,,,,Unnamed
51.4581843,0.1302578,Unnamed,,,,,Unnamed
51.45814,0.1305413,Unnamed,,,,,Unnamed
51.4579317,0.1305825,Unnamed,,,,,Unnamed
51.457617,0.1322483,Emerton Close,,,,,Emerton Close
51.4518219,0.1332989,Fairway,,,,,Fairway
51.4546908,0.1315345,Timothy Close,,,,,Timothy Close
51.4577473,0.1274147,Brunswick Road; Dallin Road,,,,,Dallin Road
51.4567778,0.1247189,North Close; South Close; Sydney Road; The Grove,,,,,The Grove
51.4482045,0.1380113,Basing Drive,,,,,Basing Drive
51.4482943,0.1379923,Basing Drive,,,,,Basing Drive
