51.4487771,0.1256798,Unnamed,,,,,
51.4637413,0.1373909,Church Road,,,,,
51.4636349,0.135188,Glengall Road,,,,,
51.4633933,0.1325248,Station Road,,,,,
51.4602914,0.1208784,Park View Road,,,,,
51.4594355,0.125839,Crook Log,,,,,
51.4591347,0.1277151,Dallin Road,,,,,
51.4588136,0.1297616,Crook Log,,,,,
51.4586781,0.1305711,Crook Log,,,,,
51.4585294,0.1313994,Upton Road,,,,,
51.4584486,0.1318656,Pickford Road,,,,,
51.4582812,0.1329377,Sandford Road,,,,,
51.4581398,0.1339715,Harcourt Road,,,,,
51.4575863,0.1379544,Church Road,,,,,
51.4553911,0.1437866,Townley Road,,,,,
51.4554383,0.1437219,Albion Road,,,,,
51.4555282,0.1437416,Albion Road,,,,,
51.455562,0.143904,Townley Road,,,,,
51.4555038,0.1440034,Albion Road,,,,,
51.4554107,0.1439753,Albion Road,,,,,
51.4566256,0.1388085,Albion Road,,,,,
51.4502624,0.1215898,Lodge Lane,,,,,
51.450386,0.1218429,Lodge Lane,,,,,
51.4506413,0.12161,Lakeside Close,,,,,
51.4505769,0.1213255,Unnamed,,,,,
51.4597207,0.1239685,Danson Road,,,,,
51.4527349,0.1231048,Danson Road,,,,,
51.4524713,0.123067,Danson Road,,,,,
51.4478171,0.1257931,Blendon Road,,,,,
51.4473946,0.1273449,Blendon Road,,,,,
51.4481216,0.1234237,Blendon Road,,,,,
51.4487735,0.1234669,Woodside Lane,,,,,
51.4469554,0.1239168,Beechway,,,,,
51.4473078,0.123442,Beechway,,,,,
51.4481105,0.1221026,Blendon Road,,,,,
51.4478648,0.1285717,Woodside Lane,,,,,
51.4472028,0.1284844,Woodside Lane,,,,,
51.4476825,0.1308661,Torbrook Close,,,,,
51.4468606,0.1339262,Oakway Close,,,,,
51.4477076,0.1335459,Torbrook Close,,,,,
51.4552197,0.1437784,Townley Road,,,,,
51.4553874,0.1439261,Townley Road,,,,,
51.4473832,0.1347354,Meadowview Road,,,,,
51.4476993,0.135192,Gresham Close,,,,,
51.4480984,0.1356953,Arbuthnot Lane,,,,,
51.4485919,0.1363262,Arbuthnot Lane,,,,,
51.4488754,0.1367811,Arbuthnot Lane,,,,,
51.4535443,0.1431095,Townley Road,,,,,
51.446746,0.135607,Meadowview Road,,,,,
51.4472723,0.1424047,Finsbury Way,,,,,
51.4477171,0.1422194,Baynham Close,,,,,
51.4478001,0.1421849,Baynham Close,,,,,
51.4470139,0.1415618,Hartlands Close,,,,,
51.4466931,0.1404522,Upton Road South,,,,,
51.4463389,0.13924,Willow Close,,,,,
51.4483192,0.1397575,Upton Road South,,,,,
51.447208,0.1358233,Gresham Close,,,,,
51.4463222,0.1406752,Upton Road South,,,,,
51.4464017,0.1394321,Shuttlemead,,,,,
51.455851,0.1229392,Danson Road,,,,,
51.4494936,0.1429948,Horsham Road,,,,,
51.4493813,0.14266,Horsham Road,,,,,
51.4519649,0.143595,Horsham Road,,,,,
51.4523764,0.1438838,Horley Close,,,,,
51.4515208,0.1433123,Horsham Road,,,,,
51.4518794,0.1413519,Townley Road,,,,,
51.4527501,0.1407747,Oaklands Road,,,,,
51.4535653,0.1418956,Oaklands Close,,,,,
51.4536304,0.1419541,Oaklands Close,,,,,
51.4514785,0.1364433,Upton Road,,,,,
51.4521978,0.1387157,Martin Rise,,,,,
51.4491203,0.1396459,Upton Close,,,,,
51.4490968,0.1410468,Arundel Close,,,,,
51.4486163,0.1412352,Arundel Close,,,,,
51.4532006,0.138671,Martin Rise,,,,,
51.4532189,0.1364153,Lion Road,,,,,
51.4540343,0.1362233,Lion Road,,,,,
51.4543044,0.1399262,Royal Oak Road,,,,,
51.4544043,0.1405967,Royal Oak Road,,,,,
51.4555828,0.1391464,Oaklands Road,,,,,
51.4549687,0.1395176,Oaklands Road,,,,,
51.4548556,0.1361186,Lion Road,,,,,
51.4552667,0.1360639,Lion Road,,,,,
51.4557182,0.1360339,Lion Road,,,,,
51.4551082,0.1352164,Lewin Road,,,,,
51.4540263,0.1353247,Robin Hood Lane,,,,,
51.4550525,0.1325592,Upton Road,,,,,
51.452655,0.1318174,Sibley Close,,,,,
51.4523231,0.1328668,Sibley Close,,,,,
51.4523818,0.1307247,Mount Road,,,,,
51.4518268,0.1312563,Mount Drive,,,,,
51.4529244,0.131011,Hansol Road,,,,,
51.4535615,0.1314537,Hansol Road,,,,,
51.4546207,0.1322117,Timothy Close,,,,,
51.4513061,0.1302686,Olron Crescent,,,,,
51.4517196,0.1270189,Grosvenor Road,,,,,
51.4516258,0.1276849,Olron Crescent,,,,,
51.4523856,0.1274585,Mount Road,,,,,
51.4532195,0.1278604,Ditton Road,,,,,
51.4536886,0.1271134,Iverhurst Close,,,,,
51.4532711,0.126911,Iverhurst Close,,,,,
51.4535239,0.1280124,Iverhurst Close,,,,,
51.4541683,0.1273277,Iverhurst Close,,,,,
51.4552708,0.1324128,Windsor Road,,,,,
51.4553574,0.1313188,Windsor Road,,,,,
51.4548427,0.1282944,Red House Lane,,,,,
51.456054,0.1318597,Upton Road,,,,,
51.4543487,0.1309611,Timothy Close,,,,,
51.4546038,0.1314931,Timothy Close,,,,,
51.4530838,0.1294598,Ditton Road,,,,,
51.4546427,0.1298177,Cuxton Close,,,,,
51.4546971,0.1294956,Cuxton Close,,,,,
51.4564584,0.13598,Standard Road,,,,,
51.4578448,0.1361954,Lion Road,,,,,
51.4565911,0.1339995,Standard Road,,,,,
51.4560272,0.1339596,Sunland Avenue,,,,,
51.4537302,0.1344392,Sunland Avenue,,,,,
51.4560075,0.1333856,Paddock Road,,,,,
51.4567262,0.1316347,Upton Road,,,,,
51.4564406,0.1270253,Sydney Road,,,,,
51.456629,0.125858,Sydney Road,,,,,
51.4562147,0.1245774,South Close,,,,,
51.4553713,0.1285834,Red House Lane,,,,,
51.4559421,0.1261785,Askern Close,,,,,
51.4554752,0.1235178,Bean Road,,,,,
51.4565987,0.1230665,The Grove,,,,,
51.457278,0.1231804,The Grove,,,,,
51.456869,0.1238755,The Grove,,,,,
51.4574317,0.1249208,North Close,,,,,
51.4570222,0.1260653,Balcombe Close,,,,,
51.4576763,0.1284274,Robina Close,,,,,
51.4569794,0.1283968,Robina Close,,,,,
51.4576624,0.1292739,Clarence Road,,,,,
51.4577222,0.1313137,Upton Road,,,,,
51.4580666,0.134502,Devonshire Road,,,,,
51.4578938,0.1328819,Emerton Close,,,,,
51.4582648,0.1330338,Emerton Close,,,,,
51.4576073,0.1327809,Emerton Close,,,,,
51.4590556,0.1282321,Crook Log,,,,,
51.4589313,0.1290208,Crook Log,,,,,
51.4582384,0.1264466,Unnamed,,,,,
51.4592346,0.1271275,Crook Log,,,,,
51.4509938,0.1261969,Brook Lane,,,,,
51.4513978,0.1254853,Brasted Close,,,,,
51.4517134,0.125966,Brasted Close,,,,,
51.4507218,0.1257493,Pengarth Road,,,,,
51.4504322,0.1252897,Sandhurst Road,,,,,
51.4512756,0.1266087,Penn Lane,,,,,
51.4498912,0.1275026,Penn Lane,,,,,
51.4492582,0.1284722,Penn Lane,,,,,
51.4489459,0.1285694,Penn Lane,,,,,
51.4485896,0.1299743,Penn Lane,,,,,
51.4486003,0.1284551,Tudor Walk,,,,,
51.4486912,0.1275281,Penn Lane,,,,,
51.4487661,0.1275453,Penn Lane,,,,,
51.4497985,0.1257085,Margaret Road,,,,,
51.4493438,0.1250304,Coronation Close,,,,,
51.4502861,0.1250959,Margaret Road,,,,,
51.4492089,0.1236196,Brook Lane,,,,,
51.4512742,0.1224782,Sandhurst Road,,,,,
51.4511676,0.1237045,Wellington Road,,,,,
51.4515652,0.1226965,Sandhurst Road,,,,,
51.4510032,0.1242562,Wellington Road,,,,,
51.4508192,0.1237748,Wellington Road,,,,,
51.4498597,0.1228683,Wellington Road,,,,,
51.4495755,0.1227978,Wellington Road,,,,,
51.4501702,0.121977,Lodge Lane,,,,,
51.4498137,0.1224471,Wellington Road,,,,,
51.4493917,0.1230608,Lodge Lane,,,,,
51.4656094,0.1404104,Haslemere Road,,,,,
51.4650067,0.1402932,Fairfield Road,,,,,
51.4632617,0.1399886,Nursery Avenue,,,,,
51.4610484,0.1380904,Church Road,,,,,
51.4604949,0.1380086,Church Road,,,,,
51.4592669,0.1382045,Church Road,,,,,
51.4591455,0.1397903,Unnamed,,,,,
51.4593971,0.1403525,Unnamed,,,,,
51.458488,0.1407607,Unnamed,,,,,
51.4585569,0.1401634,Banks Lane,,,,,
51.4586397,0.139934,Unnamed,,,,,
51.4610069,0.1396706,Upland Road,,,,,
51.4597621,0.1396451,Upland Road,,,,,
51.4613911,0.1396289,Upland Road,,,,,
51.4621177,0.1393635,Upland Road,,,,,
51.4625443,0.1424395,Nursery Avenue,,,,,
51.4633705,0.1431018,Garden Avenue,,,,,
51.4637896,0.143908,Palmar Road,,,,,
51.4628852,0.1412545,Nursery Avenue,,,,,
51.4635524,0.141757,FP226,,,,,
51.4626309,0.137488,Woodlands Road,,,,,
51.4634862,0.137434,Station Road,,,,,
51.4610263,0.1347392,Stratton Road,,,,,
51.4619919,0.1348913,Sheridan Road,,,,,
51.4633365,0.1351475,Station Road,,,,,
51.4629905,0.1323946,Woodlands Road,,,,,
51.4630859,0.1316066,Woodlands Road,,,,,
51.462169,0.13212,Sheridan Road,,,,,
51.4617961,0.1319722,Pickford Road,,,,,
51.4595977,0.1372242,Queen Street,,,,,
51.4589775,0.137203,Adelaide Care Home,,,,,
51.4590204,0.1363009,West Street,,,,,
51.4578659,0.1360434,West Street,,,,,
51.4605388,0.1365296,Bynon Avenue,,,,,
51.457535,0.1422049,Unnamed,,,,,
51.4579117,0.1432185,Graham Road,,,,,
51.4585808,0.1434513,Sherbrooke Close,,,,,
51.4595771,0.1356147,Ethronvi Road,,,,,
51.4580044,0.1349926,Broadway,,,,,
51.4593084,0.134446,Harcourt Road,,,,,
51.4598641,0.1335877,Sandford Road,,,,,
51.4600192,0.1323604,Pickford Road,,,,,
51.4612492,0.1317338,Chestnut Drive,,,,,
51.4604087,0.1313461,Glynde Road,,,,,
51.4622324,0.1310648,Blackthorn Grove,,,,,
51.4627651,0.1292168,Blackthorn Grove,,,,,
51.4626805,0.1307237,Blackthorn Grove,,,,,
51.4613994,0.1307027,Chestnut Drive,,,,,
51.4626992,0.1310482,Blackthorn Grove,,,,,
51.4632959,0.1286313,Fox Hollow Drive,,,,,
51.4617903,0.1274126,Chestnut Drive,,,,,
51.4619444,0.1275538,Palmeira Road,,,,,
51.4626107,0.128087,Marlborough Road,,,,,
51.4633749,0.1273277,Fox Hollow Drive,,,,,
51.4611529,0.1268586,Glynde Road,,,,,
51.460798,0.128968,Queen Anne Gate,,,,,
51.4606192,0.1300704,Glynde Road,,,,,
51.4601133,0.1300703,Glynde Road,,,,,
51.4597082,0.1291739,Regency Way,,,,,
51.4598264,0.1285553,Regency Way,,,,,
51.4592244,0.1289684,Adams Square,,,,,
51.4595165,0.1301717,Regency Way,,,,,
51.4599419,0.1278857,Regency Way,,,,,
51.4601101,0.1273736,Longmere Court,,,,,
51.4605379,0.1274539,Hanover Way,,,,,
51.4635038,0.1230623,South Gipsy Road,,,,,
51.4643641,0.1233395,South Gipsy Road,,,,,
51.4627986,0.1216266,Westbrooke Road,,,,,
51.4628193,0.1209951,Westbrooke Road,,,,,
51.4633026,0.1210135,Unnamed,,,,,
51.4649682,0.1427146,Hyde Road,,,,,
51.4658573,0.1433653,Hyde Road,,,,,
51.4651176,0.1421903,Lonsdale Road,,,,,
51.4645545,0.1416543,Lonsdale Road,,,,,
51.4640899,0.1375539,Percy Road,,,,,
51.4641256,0.1352558,Percy Road,,,,,
51.4648282,0.1353404,Oldfield Road,,,,,
51.4648102,0.1359555,Oldfield Road,,,,,
51.4655178,0.1382008,Hudson Road,,,,,
51.4648179,0.1378891,Oldfield Road,,,,,
51.4656694,0.1332437,Somersham Road,,,,,
51.465507,0.1353027,Somersham Road,,,,,
51.4649481,0.1330065,Pickford Lane,,,,,
51.4649275,0.1323529,Pickford Close,,,,,
51.4657471,0.1314175,Pickford Close,,,,,
51.4648585,0.1329761,Pickford Lane,,,,,
51.4645523,0.132198,Unnamed,,,,,
51.4642499,0.1327808,Pickford Lane,,,,,
51.4640107,0.1327046,Pickford Lane,,,,,
51.4641517,0.1303855,Basilon Road,,,,,
51.4644711,0.1291034,Brampton Road,,,,,
51.4649156,0.1290712,Fairlawn Avenue,,,,,
51.4649674,0.1282974,Fairlawn Avenue,,,,,
51.4646761,0.1234578,Gipsy Road,,,,,
51.4654222,0.123714,Gipsy Road,,,,,
51.465905,0.1265712,Holmesdale Road,,,,,
51.4656687,0.1292016,Holmesdale Road,,,,,
51.4659525,0.1238846,Gipsy Road,,,,,
51.4650437,0.1235839,Gipsy Road,,,,,
51.4495647,0.1337807,Iris Avenue,,,,,
51.4488009,0.1361981,Iris Avenue,,,,,
51.448696,0.1361451,Iris Avenue,,,,,
51.4485405,0.1353915,Tudor Walk,,,,,
51.4489191,0.1342641,Unnamed,,,,,
51.4493263,0.134558,Iris Avenue,,,,,
51.4488366,0.1349035,Unnamed,,,,,
51.4480296,0.1325322,Torbrook Close,,,,,
51.4486134,0.1207003,Woodside Lane,,,,,
51.4474317,0.1322502,Arcadian Close,,,,,
51.4466409,0.1309327,Arcadian Close,,,,,
51.4562399,0.1426859,Royal Oak Road,,,,,
51.4560798,0.144124,Townley Road,,,,,
51.452625,0.1250927,Green Vale,,,,,
51.4522928,0.1274165,Green Vale,,,,,
51.4523427,0.1246744,Brasted Close,,,,,
51.4528775,0.1326997,Mount Road,,,,,
51.4535596,0.1322543,Barton Close,,,,,
51.4535401,0.1345236,Sunland Avenue,,,,,
51.4541516,0.1362079,Robin Hood Lane,,,,,
51.4591176,0.1256992,Talehangers Close,,,,,
51.4591741,0.1252757,Talehangers Close,,,,,
51.4588474,0.1251808,Talehangers Close,,,,,
51.4588763,0.1256692,Talehangers Close,,,,,
51.4588947,0.1248507,Talehangers Close,,,,,
51.4592225,0.1249743,Talehangers Close,,,,,
51.4592396,0.1298669,Unnamed,,,,,
51.4595463,0.1299955,Regency Way,,,,,
51.4593701,0.1290304,Adams Square,,,,,
51.4589083,0.1299219,Unnamed,,,,,
51.4590814,0.128836,Unnamed,,,,,
51.4592954,0.1275205,Unnamed,,,,,
51.4594335,0.1290515,Adams Square,,,,,
51.4594753,0.1280958,Unnamed,,,,,
51.4595416,0.1276888,Gainsborough Square,,,,,
51.4593981,0.128541,Unnamed,,,,,
51.4595106,0.1285866,Unnamed,,,,,
51.4600011,0.1266752,Longmere Court,,,,,
51.4628221,0.1282547,Brampton Road,,,,,
51.4627398,0.1295815,Blackthorn Grove,,,,,
51.4627109,0.1299591,Blackthorn Grove,,,,,
51.4633829,0.1269323,Fox Hollow Drive,,,,,
51.4632813,0.1269168,Fox Hollow Drive,,,,,
51.4634941,0.12545,Fox Hollow Drive,,,,,
51.4635113,0.1253348,Fox Hollow Drive,,,,,
51.4635968,0.1254378,Fox Hollow Drive,,,,,
51.4634443,0.1257834,Fox Hollow Drive,,,,,
51.4636598,0.1269635,Fox Hollow Drive,,,,,
51.4633519,0.1264023,Fox Hollow Drive,,,,,
51.4636084,0.1291121,Brampton Road,,,,,
51.4638007,0.1326415,Station Approach,,,,,
51.4637213,0.1332199,Station Approach,,,,,
51.4612196,0.1384027,Upland Road,,,,,
51.4597651,0.1381326,Mayfield,,,,,
51.4596774,0.1387402,Mayfield,,,,,
51.4595506,0.1381681,Queen Street,,,,,
51.4639976,0.1401203,Belvedere Road,,,,,
51.4598972,0.1229959,Park View Road,,,,,
51.4604173,0.1232675,Park View Road,,,,,
51.458995,0.1435299,Unnamed,,,,,
51.4580031,0.1432663,Sherbrooke Close,,,,,
51.4577524,0.1431859,Graham Road,,,,,
51.4575355,0.1433307,Graham Road,,,,,
51.457511,0.1439267,Arnsberg Way,,,,,
51.4572492,0.1438233,Unnamed,,,,,
51.4573466,0.1430785,Arnsberg Way,,,,,
51.4571227,0.1413575,Broadway,,,,,
51.4566471,0.1412044,Unnamed,,,,,
51.458232,0.1389993,Trinity Place,,,,,
51.457936,0.1389861,Trinity Place,,,,,
51.4580343,0.1380499,Trinity Place,,,,,
51.4573652,0.1396958,Broadway,,,,,
51.4579857,0.1399503,Banks Lane,,,,,
51.4570078,0.1385794,Albion Road,,,,,
51.4573398,0.13832,Unnamed,,,,,
51.4532401,0.1392816,Bellevue Road,,,,,
51.4521789,0.1410753,Oaklands Road,,,,,
51.4517473,0.1405613,Meadow Close,,,,,
51.453124,0.1336719,Upton Road,,,,,
51.4493457,0.1401836,Upton Close,,,,,
51.4570174,0.1383688,Unnamed,,,,,
51.4569718,0.1380387,Unnamed,,,,,
51.4506723,0.1374702,Upton Road,,,,,
51.4502579,0.1367073,Upton Road,,,,,
51.4568713,0.1387695,Unnamed,,,,,
51.4567756,0.1390317,Unnamed,,,,,
51.4495917,0.1382867,Upton Road,,,,,
51.4485938,0.1353752,Iris Avenue,,,,,
51.448461,0.1325213,Tudor Walk,,,,,
51.4495108,0.1280674,Penn Lane,,,,,
51.4492868,0.1251632,Coronation Close,,,,,
51.4494152,0.1249057,Coronation Close,,,,,
51.4497313,0.1277669,Penn Lane,,,,,
51.4506769,0.1271148,Penn Lane,,,,,
51.4500833,0.126611,Penn Lane,,,,,
51.4503142,0.1270638,Pengarth Road,,,,,
51.4502496,0.1271362,Pengarth Road,,,,,
51.4505062,0.1269679,Pengarth Road,,,,,
51.4490782,0.1288368,Penn Lane,,,,,
51.4519379,0.1308844,Mount Drive,,,,,
51.4555895,0.1333825,Lenor Close,,,,,
51.4506947,0.1219621,Danson Road,,,,,
51.4477361,0.1352363,Torbrook Close,,,,,
51.44767,0.1326798,Torbrook Close,,,,,
51.4464833,0.1422542,Love Lane,,,,,
51.4481802,0.1359628,Basing Drive,,,,,
51.4480262,0.1352681,Torbrook Close,,,,,
51.4463649,0.1331162,Arbuthnot Lane,,,,,
51.4480693,0.1420812,Unnamed,,,,,
51.4503732,0.1212755,Unnamed,,,,,
51.4481365,0.1215062,Blendon Road,,,,,
51.4483379,0.1207377,Blendon Road,,,,,
51.4481499,0.1211562,Blendon Road,,,,,
51.4496701,0.1211045,Danson Road,,,,,
51.4490045,0.1331284,Unnamed,,,,,
51.4507445,0.1214528,Lakeside Close,,,,,
51.4501348,0.1213624,Danson Road,,,,,
51.4492036,0.1397693,Upton Close,,,,,
51.4574456,0.1387059,Broadway,,,,,
51.4591798,0.1392795,Unnamed,,,,,
51.4584563,0.1394501,Unnamed,,,,,
51.4585477,0.1402429,Unnamed,,,,,
51.4561379,0.1434537,Royal Oak Road,,,,,
51.4637263,0.1344483,Unnamed,,,,,
51.4554056,0.1228623,Danson Road,,,,,
51.4554103,0.1226555,Unnamed,,,,,
51.4530758,0.1227956,Unnamed,,,,,
51.4514381,0.1217625,Unnamed,,,,,
51.4543764,0.1224738,Unnamed,,,,,
51.4465444,0.1298065,Blendon Road,,,,,
51.4601211,0.1218198,South Gipsy Road,,,,,
51.4627737,0.1227654,Westbrooke Road,,,,,
51.4628078,0.1228496,South Gipsy Road,,,,,
51.4608607,0.13802,Church Road,,,,,
51.4582169,0.1371632,Princess Street,,,,,
51.4596405,0.1363397,West Street,,,,,
51.4565482,0.1345832,Standard Road,,,,,
51.463152,0.1315811,Woodlands Road,,,,,
51.4632981,0.131679,Unnamed,,,,,
51.4633031,0.1315892,Unnamed,,,,,
51.4607425,0.124381,Unnamed,,,,,
51.4603576,0.1262929,Brampton Road,,,,,
51.4594,0.1275713,Gainsborough Square,,,,,
51.4592519,0.1277916,Unnamed,,,,,
51.4601779,0.1263681,Unnamed,,,,,
51.4602134,0.1262157,Brampton Road,,,,,
51.4590421,0.1290659,Unnamed,,,,,
51.4591499,0.1284453,Unnamed,,,,,
51.4601724,0.12671,Unnamed,,,,,
51.4605929,0.1264469,Brampton Road,,,,,
51.4581734,0.1410262,Unnamed,,,,,
51.458219,0.141178,Unnamed,,,,,
51.4586631,0.1435193,Unnamed,,,,,
51.4600299,0.1273361,Longmere Court,,,,,
51.4609255,0.1359288,Stratton Road,,,,,
51.4614142,0.1336274,Stratton Close,,,,,
51.4604951,0.1338546,Sandford Road,,,,,
51.4595417,0.136327,West Street,,,,,
51.4628034,0.1350676,Woodlands Road,,,,,
51.46108,0.134196,Stratton Road,,,,,
51.4607204,0.1323685,Rowan Road,,,,,
51.462712,0.1362951,Woodlands Road,,,,,
51.452409,0.1353062,Upton Road,,,,,
51.453655,0.1304521,Charlotte Close,,,,,
51.4543535,0.128702,Cobham Place,,,,,
51.4543743,0.128221,Cobham Place,,,,,
51.4576796,0.1281974,Brunswick Road,,,,,
51.4580781,0.1283543,Brunswick Close,,,,,
51.4600997,0.1292517,Portman Close,,,,,
51.4601874,0.1287046,Queen Anne Gate,,,,,
51.4555781,0.1302989,Unnamed,,,,,
51.4573222,0.1386108,Albion Road,,,,,
51.4554609,0.1226053,Unnamed,,,,,
51.4557464,0.1229172,Danson Road,,,,,
51.4559902,0.1223607,Danson Park,,,,,
51.4632955,0.1287231,Brampton Road,,,,,
51.4624823,0.1292068,Beechwood Crescent,,,,,
51.4555701,0.1302409,Unnamed,,,,,
51.4555743,0.1303394,Unnamed,,,,,
51.4555422,0.1303332,Unnamed,,,,,
51.4570748,0.1413397,Broadway,,,,,
51.4573126,0.1387204,Albion Road,,,,,
51.4574117,0.1389778,Broadway,,,,,
51.4574665,0.1389957,Broadway,,,,,
51.4574755,0.1384003,Broadway,,,,,
51.457549,0.1384289,Broadway,,,,,
51.456951,0.1427176,Broadway,,,,,
51.4570402,0.1419278,Broadway,,,,,
51.4590974,0.1425509,Unnamed,,,,,
51.459078,0.1426555,Unnamed,,,,,
51.4482281,0.1290984,Unnamed,,,,,
51.4638686,0.1411155,FP226,,,,,
51.4637819,0.1400799,Belvedere Road,,,,,
51.4640193,0.1427068,FP82,,,,,
51.4634271,0.1430991,FP82,,,,,
51.4504832,0.1218566,Danson Road,,,,,
51.4506041,0.1213731,Lakeside Close,,,,,
51.4506348,0.1216352,Danson Road,,,,,
51.4575594,0.1381616,Broadway,,,,,
51.4567439,0.1388155,Albion Road,,,,,
51.4568894,0.138701,Albion Road,,,,,
51.4566995,0.1386961,Albion Road,,,,,
51.4568758,0.1385989,Albion Road,,,,,
51.4501738,0.1215063,Danson Road,,,,,
51.4502993,0.1213689,Danson Road,,,,,
51.4511423,0.1222783,Unnamed,,,,,
51.4518046,0.1364085,Martin Dene,,,,,
51.4516573,0.1362513,Upton Road,,,,,
51.4553725,0.1341989,Sunland Avenue,,,,,
51.4555805,0.1426241,Unnamed,,,,,
51.4555534,0.1425599,Royal Oak Road,,,,,
51.456935,0.1424979,Broadway,,,,,
51.4568734,0.1428497,Broadway,,,,,
51.4531846,0.1220761,Unnamed,,,,,
51.4543755,0.1227445,Danson Road,,,,,
51.4561193,0.1413028,Albion Road,,,,,
51.4567605,0.1388245,Unnamed,,,,,
51.4637612,0.137402,Church Road,,,,,
51.4634468,0.1368589,Station Road,,,,,
51.4564871,0.1416655,Unnamed,,,,,
51.4564833,0.1417077,Unnamed,,,,,
51.4570028,0.141851,Broadway,,,,,
51.4570491,0.1418664,Broadway,,,,,
51.4555385,0.1351191,Unnamed,,,,,
51.4581902,0.1361603,West Street,,,,,
51.4581065,0.1367512,Unnamed,,,,,
51.4568203,0.1399079,Unnamed,,,,,
51.4566874,0.1398939,Unnamed,,,,,
51.4565862,0.1396294,Unnamed,,,,,
51.4567149,0.1396578,Unnamed,,,,,
51.4568444,0.1396907,Unnamed,,,,,
51.4565637,0.1398449,Unnamed,,,,,
51.4600491,0.1396541,Upland Road,,,,,
51.4601282,0.1390121,Unnamed,,,,,
51.4583259,0.1304073,Unnamed,,,,,
51.4582258,0.1313192,Upton Road,,,,,
51.4581984,0.1294893,Clarence Road,,,,,
51.4580471,0.1298776,Unnamed,,,,,
51.4580343,0.1302483,Unnamed,,,,,
51.4580066,0.1294069,Clarence Road,,,,,
51.4607782,0.12657,Brampton Road,,,,,
51.4608135,0.1264073,Unnamed,,,,,
51.4608516,0.1259251,Unnamed,,,,,
51.461007,0.125998,Unnamed,,,,,
51.4612613,0.1269528,Brampton Road,,,,,
51.461432,0.1263603,Unnamed,,,,,
51.4613068,0.1267605,Unnamed,,,,,
51.4611159,0.1265936,Unnamed,,,,,
51.4611808,0.1264372,Unnamed,,,,,
51.4613705,0.1265842,Unnamed,,,,,
51.4623693,0.1226721,South Gipsy Road,,,,,
51.4622119,0.1234922,Unnamed,,,,,
51.4619292,0.1376017,Church Road,,,,,
51.4583005,0.1233937,Danson Road,,,,,
51.4582134,0.1242243,Unnamed,,,,,
51.4583683,0.1242765,Unnamed,,,,,
51.4580454,0.1241783,Unnamed,,,,,
51.4558311,0.1226631,Unnamed,,,,,
51.4559074,0.1226921,Danson Park,,,,,
51.4596486,0.1239382,Danson Road,,,,,
51.4597351,0.1238749,Park View Road,,,,,
51.4595257,0.1238298,Danson Road,,,,,
51.45981,0.1234532,Park View Road,,,,,
51.4595906,0.123804,Danson Road,,,,,
51.4583649,0.1323916,Broadway,,,,,
51.4581632,0.1328042,Unnamed,,,,,
51.4571796,0.1360172,Lion Road,,,,,
51.4572077,0.1353234,Unnamed,,,,,
51.4564974,0.1352725,Standard Road,,,,,
51.4568191,0.135354,Unnamed,,,,,
51.4576418,0.1343517,Devonshire Road,,,,,
51.4576762,0.1341005,Unnamed,,,,,
51.4587084,0.1331236,Sandford Road,,,,,
51.4586387,0.1335512,Unnamed,,,,,
51.4587606,0.1331446,Sandford Road,,,,,
51.4585731,0.1326942,Unnamed,,,,,
51.4556626,0.1370522,Heathfield Road,,,,,
51.4557358,0.1370479,Unnamed,,,,,
51.4621379,0.1326193,Sheridan Road,,,,,
51.4629565,0.1328792,Woodlands Road,,,,,
51.4608751,0.1285066,Glynde Road,,,,,
51.46059,0.1283818,Unnamed,,,,,
51.4607303,0.1284456,Unnamed,,,,,
51.4606805,0.128765,Unnamed,,,,,
51.4602148,0.1428647,Unnamed,,,,,
51.4464689,0.1316177,Unnamed,,,,,
51.4466799,0.1310702,Arcadian Close,,,,,
51.4467446,0.1294992,Blendon Road,,,,,
51.4470494,0.1299977,Unnamed,,,,,
51.4566638,0.1327068,Standard Road,,,,,
51.456912,0.1327453,Unnamed,,,,,
51.4605536,0.1253606,Unnamed,,,,,
51.4604231,0.1252972,Unnamed,,,,,
51.4602728,0.1260495,Unnamed,,,,,
51.4602103,0.1251822,Unnamed,,,,,
51.4649325,0.1323229,Pickford Close,,,,,
51.4652831,0.1324421,Unnamed,,,,,
51.4587483,0.1425585,Unnamed,,,,,
51.4579911,0.1419924,Unnamed,,,,,
51.4587858,0.1423166,Unnamed,,,,,
51.4587166,0.1427632,Unnamed,,,,,
51.4585102,0.1432576,Unnamed,,,,,
51.4580926,0.1428523,Unnamed,,,,,
51.4586206,0.143478,Unnamed,,,,,
51.4585632,0.1434442,Graham Road,,,,,
51.458196,0.1373958,Unnamed,,,,,
51.4580788,0.1371025,Unnamed,,,,,
51.4577261,0.1370111,Broadway,,,,,
51.4581774,0.1375948,Unnamed,,,,,
51.4582337,0.1369294,Unnamed,,,,,
51.4609293,0.1266864,Brampton Road,,,,,
51.4608671,0.1266385,Brampton Road,,,,,
51.4491231,0.1373079,Arbuthnot Lane,,,,,
51.4486313,0.1380058,Unnamed,,,,,
51.4476319,0.123224,Beechway,,,,,
51.4474461,0.1233096,Beechway,,,,,
51.4470971,0.1237822,Beechway,,,,,
51.4471523,0.1323141,Arcadian Close,,,,,
51.447641,0.1354309,Unnamed,,,,,
51.4479624,0.1360286,Basing Drive,,,,,
51.4493457,0.1400649,Upton Close,,,,,
51.4496344,0.1400008,Unnamed,,,,,
51.4498141,0.1402372,Unnamed,,,,,
51.449909,0.1400729,Unnamed,,,,,
51.4606676,0.1254261,Unnamed,,,,,
51.46095,0.1242085,Unnamed,,,,,
51.4609176,0.1243495,Unnamed,,,,,
51.4610526,0.1236888,Unnamed,,,,,
51.4609247,0.1236206,Unnamed,,,,,
51.460783,0.1242765,Unnamed,,,,,
51.4606306,0.124194,Unnamed,,,,,
51.4607744,0.123544,Unnamed,,,,,
51.4607657,0.1242672,Unnamed,,,,,
51.4605136,0.1261959,Unnamed,,,,,
51.4563027,0.1401737,Albion Road,,,,,
51.4563633,0.1401951,Unnamed,,,,,
51.452612,0.1251866,Green Vale,,,,,
51.4631199,0.1311742,Unnamed,,,,,
51.4631741,0.130458,Unnamed,,,,,
51.4626816,0.1303267,Blackthorn Grove,,,,,
51.4630404,0.1292688,Blackthorn Grove,,,,,
51.4631117,0.1307828,Blackthorn Grove,,,,,
51.4631582,0.130043,Blackthorn Grove,,,,,
51.4649037,0.1386619,Unnamed,,,,,
51.4646581,0.1385419,Unnamed,,,,,
51.4647825,0.1378725,Church Road,,,,,
51.4564492,0.1417195,Unnamed,,,,,
51.4463564,0.1394695,Shuttlemead,,,,,
51.4467759,0.1409377,Unnamed,,,,,
51.4466464,0.1405745,Unnamed,,,,,
51.4466312,0.1404841,Upton Road South,,,,,
51.4462743,0.1408064,Unnamed,,,,,
51.4463393,0.140763,Love Lane,,,,,
51.446661,0.1420957,Unnamed,,,,,
51.4465858,0.1413098,Unnamed,,,,,
51.4631679,0.1324513,Avenue Road,,,,,
51.4625822,0.1322547,Avenue Road,,,,,
51.462745,0.1323087,Avenue Road,,,,,
51.4481019,0.1226466,Blendon Road,,,,,
51.4476959,0.1221303,Unnamed,,,,,
51.4563848,0.1435504,Unnamed,,,,,
51.4561725,0.14323,Royal Oak Road,,,,,
51.4563725,0.1432939,Unnamed,,,,,
51.4556773,0.1425486,Royal Oak Road,,,,,
51.4557596,0.1424637,Royal Oak Road,,,,,
51.4570231,0.1294315,Unnamed,,,,,
51.4565664,0.129527,Sydney Road,,,,,
51.460713,0.1209979,Bethel Road,,,,,
51.4605713,0.1219958,South Gipsy Road,,,,,
51.4556389,0.1375844,Heathfield Road,,,,,
51.4560761,0.137657,Unnamed,,,,,
51.4466503,0.1319459,Unnamed,,,,,
51.4463338,0.133072,Arbuthnot Lane,,,,,
51.4518687,0.1310233,Mount Drive,,,,,
51.4642186,0.1332729,Percy Road,,,,,
51.4649166,0.1334676,Oldfield Road,,,,,
51.4592065,0.1307974,Avenue Road,,,,,
51.4590075,0.1313531,Unnamed,,,,,
51.4591666,0.1310219,Unnamed,,,,,
51.4590308,0.1310412,Unnamed,,,,,
51.4632199,0.1293192,Unnamed,,,,,
51.4630766,0.1292036,Unnamed,,,,,
51.4632926,0.1293815,Unnamed,,,,,
51.4585623,0.1341559,Harcourt Road,,,,,
51.4584779,0.1347192,Unnamed,,,,,
51.4585387,0.1343335,Unnamed,,,,,
51.4584105,0.1342891,Unnamed,,,,,
51.4543172,0.1214154,Unnamed,,,,,
51.4543979,0.1222294,Unnamed,,,,,
51.4542338,0.1221906,Unnamed,,,,,
51.4505971,0.1431104,Horsham Road,,,,,
51.4619199,0.1371694,Unnamed,,,,,
51.4528872,0.1327373,Mount Road,,,,,
51.4525107,0.133046,Unnamed,,,,,
51.4536317,0.1346148,Sunland Avenue,,,,,
51.4533448,0.1349813,Unnamed,,,,,
51.4601302,0.1372206,Princess Street,,,,,
51.4467088,0.1404439,Upton Road South,,,,,
51.4590754,0.1260203,Unnamed,,,,,
51.4592236,0.1322158,Pickford Road,,,,,
51.4593024,0.131762,Unnamed,,,,,
51.4568118,0.1385277,Unnamed,,,,,
51.4568945,0.1376211,Unnamed,,,,,
51.4592686,0.1269117,Crook Log,,,,,
51.4588242,0.1262806,Unnamed,,,,,
51.4582176,0.1401686,Unnamed,,,,,
51.4568232,0.1384061,Unnamed,,,,,
51.4561827,0.1388302,Oaklands Road,,,,,
51.4564916,0.1385654,Unnamed,,,,,
51.4566689,0.1389041,Albion Road,,,,,
51.4570078,0.1384516,Unnamed,,,,,
51.4483563,0.123478,Brook Lane Foot Tunnel,,,,,
51.4491061,0.1237426,Brook Lane Foot Tunnel,,,,,
51.4638621,0.1381686,Unnamed,,,,,
51.4639774,0.138182,Unnamed,,,,,
51.4594388,0.1258179,Talehangers Close,,,,,
51.4480732,0.1242066,Blendon Road,,,,,
51.4482023,0.135301,Torbrook Close,,,,,
51.4648998,0.1373394,Oldfield Road,,,,,
51.4645338,0.1371822,Unnamed,,,,,
51.4641571,0.1370136,Percy Road,,,,,
51.4644997,0.1361136,Unnamed,,,,,
51.4637017,0.1359846,Unnamed,,,,,
51.4605467,0.1219861,South Gipsy Road,,,,,
51.4604882,0.1223154,Unnamed,,,,,
51.4573783,0.1342637,Devonshire Road,,,,,
51.4574298,0.1350277,Unnamed,,,,,
51.4481025,0.122684,Blendon Road,,,,,
51.4484627,0.1216415,Unnamed,,,,,
51.4577995,0.1365046,Broadway,,,,,
51.4581704,0.1337459,Broadway,,,,,
51.4577691,0.1340079,Unnamed,,,,,
51.4584726,0.1317265,Crook Log,,,,,
51.4580398,0.1363023,Unnamed,,,,,
51.4580035,0.1365275,Unnamed,,,,,
51.4579883,0.1362816,Unnamed,,,,,
51.4579534,0.1365111,Unnamed,,,,,
51.4579366,0.1362608,Unnamed,,,,,
51.4579033,0.1365129,Unnamed,,,,,
51.4565227,0.1359766,Lion Road,,,,,
51.4565148,0.1362113,Unnamed,,,,,
51.4569489,0.1403151,Unnamed,,,,,
51.4572114,0.1404078,Broadway,,,,,
51.457757,0.140596,Unnamed,,,,,
51.4572584,0.1404361,Broadway,,,,,
51.4567625,0.1415737,Unnamed,,,,,
51.4570291,0.1416625,Broadway,,,,,
51.4561268,0.1441445,Townley Road,,,,,
51.4569928,0.1390538,Unnamed,,,,,
51.457022,0.138681,Albion Road,,,,,
51.4632698,0.1324845,Avenue Road,,,,,
51.4632886,0.132323,Unnamed,,,,,
51.463451,0.1318078,Unnamed,,,,,
51.4634088,0.1341215,Unnamed,,,,,
51.4633678,0.1337047,Station Road,,,,,
51.4634021,0.1337061,Unnamed,,,,,
51.4634291,0.1333909,Unnamed,,,,,
51.4634096,0.1334436,Unnamed,,,,,
51.4634009,0.1337705,Unnamed,,,,,
51.4634729,0.1337755,Unnamed,,,,,
51.463436,0.1334566,Unnamed,,,,,
51.4547337,0.133005,Upton Road,,,,,
51.4646909,0.138744,Unnamed,,,,,
51.4481225,0.1233716,Blendon Road,,,,,
51.4656242,0.1376134,Unnamed,,,,,
51.4656359,0.1377864,Hudson Road,,,,,
51.4492113,0.123333,Unnamed,,,,,
51.4482652,0.1219596,Unnamed,,,,,
51.4481148,0.1219522,Blendon Road,,,,,
51.4482787,0.1216123,Unnamed,,,,,
51.4478048,0.1224533,Unnamed,,,,,
51.4477938,0.1226587,Unnamed,,,,,
51.4476603,0.123047,Unnamed,,,,,
51.4476683,0.1232247,Beechway,,,,,
51.4508875,0.1221793,Danson Road,,,,,
51.450936,0.1220588,Unnamed,,,,,
51.4514764,0.1227336,Unnamed,,,,,
51.4513002,0.1226084,Sandhurst Road,,,,,
51.4513295,0.1229877,Sandhurst Road,,,,,
51.452375,0.1306974,Mount Road,,,,,
51.456708,0.131643,Upton Road,,,,,
51.4534823,0.1323048,Barton Close,,,,,
51.4535115,0.1324219,Barton Close,,,,,
51.4534003,0.1343036,Robin Hood Lane,,,,,
51.4533875,0.1342698,Robin Hood Lane,,,,,
51.4533572,0.1343583,Unnamed,,,,,
51.4534656,0.1341204,Robin Hood Lane,,,,,
51.4536392,0.1345613,Sunland Avenue,,,,,
51.4536601,0.1344484,Sunland Avenue,,,,,
51.4556989,0.1360351,Lion Road,,,,,
51.4542111,0.1399845,Oaklands Road,,,,,
51.4542463,0.1398847,Freta Road,,,,,
51.4543161,0.1399904,Royal Oak Road,,,,,
51.45426,0.1399538,Oaklands Road,,,,,
51.4560657,0.1412721,Albion Road,,,,,
51.4562568,0.1401616,Albion Road,,,,,
51.4553464,0.1441337,Unnamed,,,,,
51.4555731,0.1435944,Unnamed,,,,,
51.4563237,0.1414574,Unnamed,,,,,
51.4557197,0.1422017,Unnamed,,,,,
51.455707,0.1421921,Unnamed,,,,,
51.4556727,0.1423143,Unnamed,,,,,
51.4558528,0.1417252,Unnamed,,,,,
51.4555812,0.1433875,Unnamed,,,,,
51.4466182,0.1239323,Unnamed,,,,,
51.4466669,0.1241055,Beechway,,,,,
51.4466688,0.1239148,Unnamed,,,,,
51.446713,0.124076,Beechway,,,,,
51.4470064,0.1236295,Unnamed,,,,,
51.4470631,0.123825,Beechway,,,,,
51.4470285,0.12355,Unnamed,,,,,
51.4471693,0.1233586,Unnamed,,,,,
51.4472359,0.1235624,Beechway,,,,,
51.4472986,0.1232317,Unnamed,,,,,
51.4473459,0.1233977,Beechway,,,,,
51.4472597,0.1232736,Unnamed,,,,,
51.4474601,0.1230919,Unnamed,,,,,
51.4474966,0.1232685,Beechway,,,,,
51.4474031,0.1231532,Unnamed,,,,,
51.4476229,0.1230532,Unnamed,,,,,
51.4467458,0.1238413,Unnamed,,,,,
51.4467949,0.1240193,Beechway,,,,,
51.4468959,0.1237059,Unnamed,,,,,
51.4471297,0.1234736,Unnamed,,,,,
51.4471965,0.1236267,Beechway,,,,,
51.4482721,0.1284934,Woodside Lane,,,,,
51.4482102,0.136003,Basing Drive,,,,,
51.4474958,0.126937,Blendon Road,,,,,
51.4479902,0.1273738,Unnamed,,,,,
51.4479614,0.1279638,Unnamed,,,,,
51.4481035,0.1266975,Unnamed,,,,,
51.447264,0.1285131,Woodside Lane,,,,,
51.4472635,0.1304247,Unnamed,,,,,
51.4471428,0.1298477,Unnamed,,,,,
51.4470012,0.1300767,Unnamed,,,,,
51.446434,0.1300089,Blendon Road,,,,,
51.4462794,0.1297725,Unnamed,,,,,
51.4464486,0.1299822,Blendon Road,,,,,
51.4463668,0.1295956,Unnamed,,,,,
51.4464993,0.1293883,Unnamed,,,,,
51.4466789,0.1296001,Blendon Road,,,,,
51.4465891,0.1292196,Unnamed,,,,,
51.446783,0.129439,Blendon Road,,,,,
51.4463793,0.1295654,Unnamed,,,,,
51.4465594,0.1297835,Blendon Road,,,,,
51.4472311,0.1271465,Unnamed,,,,,
51.4474048,0.127304,Blendon Road,,,,,
51.4472926,0.1272534,Unnamed,,,,,
51.4472508,0.1274119,Unnamed,,,,,
51.4473613,0.1275201,Blendon Road,,,,,
51.4473272,0.1269837,Unnamed,,,,,
51.447453,0.1271005,Blendon Road,,,,,
51.4473477,0.1269292,Unnamed,,,,,
51.4474667,0.1270442,Blendon Road,,,,,
51.4474091,0.1267488,Unnamed,,,,,
51.4475186,0.1268528,Blendon Road,,,,,
51.4467169,0.1292872,Unnamed,,,,,
51.4468132,0.1293916,Blendon Road,,,,,
51.4467869,0.1291157,Unnamed,,,,,
51.4469076,0.1292378,Blendon Road,,,,,
51.4468137,0.1290809,Unnamed,,,,,
51.4469293,0.1291987,Blendon Road,,,,,
51.4469211,0.1288965,Unnamed,,,,,
51.4470235,0.1290036,Blendon Road,,,,,
51.4469922,0.1287112,Unnamed,,,,,
51.4470943,0.1288119,Blendon Road,,,,,
51.4470038,0.1286611,Unnamed,,,,,
51.4471093,0.1287701,Blendon Road,,,,,
51.4470799,0.1283698,Unnamed,,,,,
51.4471973,0.1285011,Blendon Road,,,,,
51.4471051,0.1282355,Unnamed,,,,,
51.4472328,0.1283682,Blendon Road,,,,,
51.4471359,0.1281595,Unnamed,,,,,
51.4472489,0.1282822,Blendon Road,,,,,
51.4471767,0.1280171,Unnamed,,,,,
51.4472737,0.1281222,Blendon Road,,,,,
51.447153,0.1279022,Unnamed,,,,,
51.4472845,0.1280409,Blendon Road,,,,,
51.4472135,0.1277493,Unnamed,,,,,
51.4473099,0.1278508,Blendon Road,,,,,
51.4471994,0.1276765,Unnamed,,,,,
51.4473174,0.1277948,Blendon Road,,,,,
51.4472594,0.1275025,Unnamed,,,,,
51.4473489,0.127585,Blendon Road,,,,,
51.4635989,0.1418513,Unnamed,,,,,
51.4633773,0.1351536,Station Road,,,,,
51.4612109,0.1396673,Upland Road,,,,,
51.4637858,0.144163,Palmar Road,,,,,
51.4637121,0.1441654,Unnamed,,,,,
51.4614321,0.1397562,Unnamed,,,,,
51.4606812,0.1432474,Unnamed,,,,,
51.4612276,0.1400019,Unnamed,,,,,
51.4611173,0.1398651,Unnamed,,,,,
51.4612176,0.1398504,Unnamed,,,,,
51.4603083,0.1403234,Unnamed,,,,,
51.4603096,0.1406368,Unnamed,,,,,
51.4576802,0.1408517,Unnamed,,,,,
51.4572156,0.1406873,Broadway,,,,,
51.4585587,0.1389907,Unnamed,,,,,
51.4588528,0.138178,Church Road,,,,,
51.4582821,0.139389,Unnamed,,,,,
51.4585725,0.1400442,Unnamed,,,,,
51.4585356,0.139919,Unnamed,,,,,
51.4636666,0.1338885,Station Approach,,,,,
51.463672,0.1335996,Station Approach,,,,,
51.4638699,0.1333243,Unnamed,,,,,
51.4639458,0.1332901,Unnamed,,,,,
51.4642151,0.1333477,Percy Road,,,,,
51.4478753,0.1239524,Unnamed,,,,,
51.448096,0.1239677,Blendon Road,,,,,
51.447876,0.1239805,Unnamed,,,,,
51.4480939,0.1239955,Blendon Road,,,,,
51.4479146,0.1234563,Unnamed,,,,,
51.4481191,0.1234798,Blendon Road,,,,,
51.4478724,0.1236921,Unnamed,,,,,
51.4481137,0.1237059,Blendon Road,,,,,
51.4478724,0.1237236,Unnamed,,,,,
51.448111,0.1237493,Blendon Road,,,,,
51.4469879,0.1248927,Unnamed,,,,,
51.4469916,0.1252337,Blendon Drive,,,,,
51.4472429,0.1250124,Unnamed,,,,,
51.4471643,0.1253289,Blendon Drive,,,,,
51.4467334,0.1251011,Unnamed,,,,,
51.4469242,0.1252801,Blendon Drive,,,,,
51.4466653,0.1252723,Unnamed,,,,,
51.4468723,0.1254223,Blendon Drive,,,,,
51.4475636,0.1234042,Unnamed,,,,,
51.4464278,0.1263734,Unnamed,,,,,
51.4465652,0.1264774,Blendon Drive,,,,,
51.446343,0.1266533,Unnamed,,,,,
51.446484,0.1267564,Blendon Drive,,,,,
51.4465124,0.1263472,Unnamed,,,,,
51.4466225,0.1262789,Blendon Drive,,,,,
51.4466695,0.1261189,Blendon Drive,,,,,
51.4466359,0.1262344,Blendon Drive,,,,,
51.4466426,0.1258992,Unnamed,,,,,
51.4466916,0.1260432,Blendon Drive,,,,,
51.4467377,0.1258848,Blendon Drive,,,,,
51.4467043,0.1259997,Blendon Drive,,,,,
51.4467272,0.1263772,Unnamed,,,,,
51.4466139,0.1263085,Blendon Drive,,,,,
51.4466841,0.1265656,Unnamed,,,,,
51.4465606,0.1264931,Blendon Drive,,,,,
51.4467564,0.1262947,Unnamed,,,,,
51.4466391,0.1262235,Blendon Drive,,,,,
51.4467999,0.1261325,Unnamed,,,,,
51.446686,0.1260623,Blendon Drive,,,,,
51.4466117,0.1267923,Unnamed,,,,,
51.446497,0.1267119,Blendon Drive,,,,,
51.4466508,0.126626,Unnamed,,,,,
51.4465471,0.1265397,Blendon Drive,,,,,
51.4466,0.1268454,Unnamed,,,,,
51.44648,0.1267701,Blendon Drive,,,,,
51.4464135,0.1275182,Unnamed,,,,,
51.4462865,0.1274349,Blendon Drive,,,,,
51.4464801,0.1272824,Unnamed,,,,,
51.4463586,0.127187,Blendon Drive,,,,,
51.4464252,0.127447,Unnamed,,,,,
51.4463222,0.1273122,Blendon Drive,,,,,
51.4462789,0.1274609,Blendon Drive,,,,,
51.4463284,0.1272911,Blendon Drive,,,,,
51.4530727,0.1253327,Unnamed,,,,,
51.4528015,0.1256658,Unnamed,,,,,
51.4528461,0.1252751,Unnamed,,,,,
51.4529774,0.1253246,Unnamed,,,,,
51.452993,0.1247708,Unnamed,,,,,
51.4527528,0.1252372,Unnamed,,,,,
51.4529094,0.1252992,Unnamed,,,,,
51.4528533,0.1257411,Unnamed,,,,,
51.45284,0.126295,Unnamed,,,,,
51.453172,0.1264056,Unnamed,,,,,
51.4532925,0.1254682,Unnamed,,,,,
51.4532272,0.1259778,Unnamed,,,,,
51.453359,0.1254996,Unnamed,,,,,
51.4558317,0.1423567,Unnamed,,,,,
51.455691,0.142251,Unnamed,,,,,
51.4557359,0.1422851,Albion Road,,,,,
51.4557945,0.1423289,Albion Road,,,,,
51.455686,0.1423275,Unnamed,,,,,
51.4566587,0.1427752,Unnamed,,,,,
51.4565996,0.1427553,Unnamed,,,,,
51.4558047,0.1301683,Red House Lane,,,,,
51.455586,0.1302992,Unnamed,,,,,
51.4556048,0.130399,Unnamed,,,,,
51.4555729,0.1305211,Unnamed,,,,,
51.4553226,0.1300902,Unnamed,,,,,
51.4553306,0.1299847,Unnamed,,,,,
51.4553185,0.129788,Unnamed,,,,,
51.4551996,0.1297623,Unnamed,,,,,
51.4553044,0.1299702,Unnamed,,,,,
51.4552713,0.1297778,Unnamed,,,,,
51.4552551,0.1299596,Unnamed,,,,,
51.4552781,0.1296619,Unnamed,,,,,
51.4555297,0.130765,Unnamed,,,,,
51.455686,0.1308042,Unnamed,,,,,
51.4556994,0.1306335,Unnamed,,,,,
51.4551503,0.1306456,Unnamed,,,,,
51.4551871,0.1300354,Unnamed,,,,,
51.455597,0.1307818,Unnamed,,,,,
51.4504293,0.1261895,Pengarth Road,,,,,
51.4500776,0.1262108,Unnamed,,,,,
51.4582753,0.1307227,Unnamed,,,,,
51.458139,0.1306668,Unnamed,,,,,
51.4581843,0.1302578,Unnamed,,,,,
51.45814,0.1305413,Unnamed,,,,,
51.4579317,0.1305825,Unnamed,,,,,
51.4579747,0.1310813,Unnamed,,,,,
51.4580941,0.1308373,Unnamed,,,,,
51.4579518,0.1307592,Unnamed,,,,,
51.4580697,0.1308358,Unnamed,,,,,
51.4580803,0.1310751,Unnamed,,,,,
51.4580696,0.1312964,Upton Road,,,,,
51.4582265,0.1311681,Unnamed,,,,,
51.4584682,0.1310071,Unnamed,,,,,
51.4585314,0.1306266,Unnamed,,,,,
51.4586044,0.130984,Crook Log,,,,,
51.4585453,0.1306322,Unnamed,,,,,
51.4584827,0.1310141,Unnamed,,,,,
51.458514,0.1308228,Unnamed,,,,,
51.4583138,0.1307421,Unnamed,,,,,
51.4583912,0.130568,Unnamed,,,,,
51.4574563,0.1355487,Unnamed,,,,,
51.4573717,0.1360699,Lion Road,,,,,
51.4489272,0.1391922,Upton Road,,,,,
51.4520414,0.1238038,Unnamed,,,,,
51.463233,0.132874,Unnamed,,,,,
51.4629633,0.1327839,Woodlands Road,,,,,
51.4592491,0.1420797,Unnamed,,,,,
51.4585664,0.1435513,Sherbrooke Close,,,,,
51.4598824,0.1428787,Unnamed,,,,,
51.4579958,0.1433137,Sherbrooke Close,,,,,
51.4577976,0.1432399,Unnamed,,,,,
51.4575617,0.1440034,Unnamed,,,,,
51.4581196,0.1426743,Unnamed,,,,,
51.4585229,0.142846,Unnamed,,,,,
51.4585182,0.1428841,Unnamed,,,,,
51.4581129,0.1427185,Unnamed,,,,,
51.4583795,0.1433841,Graham Road,,,,,
51.4579729,0.1437233,Unnamed,,,,,
51.4577117,0.1435269,Unnamed,,,,,
51.457627,0.1434517,Unnamed,,,,,
51.4577358,0.1434608,Unnamed,,,,,
51.4576658,0.1433765,Unnamed,,,,,
51.4583909,0.1351443,Abbey Road,,,,,
51.458245,0.1361787,West Street,,,,,
51.4573546,0.1438649,Unnamed,,,,,
51.4574046,0.1435385,Unnamed,,,,,
51.457654,0.1350532,Unnamed,,,,,
51.4575981,0.1343371,Devonshire Road,,,,,
51.457617,0.1322483,Emerton Close,,,,,
51.457375,0.143873,Unnamed,,,,,
51.4518219,0.1332989,Fairway,,,,,
51.4582407,0.1313217,Upton Road,,,,,
51.4575323,0.1319456,Unnamed,,,,,
51.4519878,0.1313599,Unnamed,,,,,
51.4548318,0.133893,Unnamed,,,,,
51.4551801,0.1334627,Unnamed,,,,,
51.4549933,0.1343491,Sunland Avenue,,,,,
51.4652282,0.1335907,Unnamed,,,,,
51.4546908,0.1315345,Timothy Close,,,,,
51.4644216,0.1336202,Unnamed,,,,,
51.4642033,0.1335994,Percy Road,,,,,
51.4644332,0.1338606,Unnamed,,,,,
51.4641918,0.1338435,Percy Road,,,,,
51.4644255,0.1340975,Unnamed,,,,,
51.4641808,0.1340781,Percy Road,,,,,
51.4524383,0.126408,Green Vale,,,,,
51.4525963,0.1264691,Unnamed,,,,,
51.4524069,0.1266308,Green Vale,,,,,
51.4528626,0.1265625,Unnamed,,,,,
51.4526831,0.1240126,Unnamed,,,,,
51.4619218,0.1375269,Unnamed,,,,,
51.4616395,0.1376706,Unnamed,,,,,
51.4630206,0.1324035,Woodlands Road,,,,,
51.4483217,0.1266685,Unnamed,,,,,
51.4484706,0.1268165,Woodside Lane,,,,,
51.4483182,0.1268278,Unnamed,,,,,
51.4484612,0.1269109,Woodside Lane,,,,,
51.4483112,0.1262475,Unnamed,,,,,
51.4485222,0.1263022,Woodside Lane,,,,,
51.4483563,0.1260215,Unnamed,,,,,
51.4485452,0.1260729,Woodside Lane,,,,,
51.4483553,0.1259841,Unnamed,,,,,
51.4485487,0.1260377,Woodside Lane,,,,,
51.4484009,0.1257507,Unnamed,,,,,
51.4485731,0.1257951,Woodside Lane,,,,,
51.4484075,0.1257133,Unnamed,,,,,
51.4485767,0.1257588,Woodside Lane,,,,,
51.4484237,0.1254775,Unnamed,,,,,
51.4486004,0.125523,Woodside Lane,,,,,
51.4484283,0.1254385,Unnamed,,,,,
51.4486041,0.1254853,Woodside Lane,,,,,
51.4484486,0.1252108,Unnamed,,,,,
51.4486265,0.1252572,Woodside Lane,,,,,
51.4484506,0.1251734,Unnamed,,,,,
51.4486298,0.1252222,Woodside Lane,,,,,
51.4484795,0.1249441,Unnamed,,,,,
51.4486523,0.1249905,Woodside Lane,,,,,
51.4485291,0.1246731,Unnamed,,,,,
51.448679,0.1247151,Woodside Lane,,,,,
51.4485357,0.1246349,Unnamed,,,,,
51.4486828,0.1246761,Woodside Lane,,,,,
51.4485265,0.1244023,Unnamed,,,,,
51.4487051,0.1244462,Woodside Lane,,,,,
51.4485879,0.1243788,Unnamed,,,,,
51.4487087,0.1244085,Woodside Lane,,,,,
51.4486333,0.123876,Unnamed,,,,,
51.4487577,0.1239033,Woodside Lane,,,,,
51.4486372,0.1238243,Unnamed,,,,,
51.4487628,0.123851,Woodside Lane,,,,,
51.448613,0.1241016,Unnamed,,,,,
51.448736,0.1241267,Woodside Lane,,,,,
51.4486084,0.1241422,Unnamed,,,,,
51.4487318,0.1241705,Woodside Lane,,,,,
51.4603001,0.1362559,Unnamed,,,,,
51.4601874,0.1362437,West Street,,,,,
51.463075,0.1358968,Unnamed,,,,,
51.4630633,0.1368973,Unnamed,,,,,
51.4626681,0.1369241,Woodlands Road,,,,,
51.4497685,0.1371393,Unnamed,,,,,
51.4502829,0.1367607,Upton Road,,,,,
51.4627149,0.1314443,Unnamed,,,,,
51.4626263,0.1312271,Blackthorn Grove,,,,,
51.455587,0.1228915,Danson Road,,,,,
51.4556391,0.1230875,Bean Road,,,,,
51.45543,0.123,Bean Road,,,,,
51.455582,0.1229726,Unnamed,,,,,
51.4554058,0.1227941,Unnamed,,,,,
51.4555461,0.1230214,Unnamed,,,,,
51.4555864,0.123033,Unnamed,,,,,
51.4529905,0.1225941,Unnamed,,,,,
51.4531582,0.1222505,Unnamed,,,,,
51.4592039,0.1221371,Unnamed,,,,,
51.4634996,0.1306114,Unnamed,,,,,
51.4633652,0.13059,Unnamed,,,,,
51.4639218,0.1331147,Unnamed,,,,,
51.4637523,0.133915,Station Approach,,,,,
51.4534817,0.1430808,Townley Road,,,,,
51.4587751,0.1299904,Crook Log,,,,,
51.4588357,0.1298884,Unnamed,,,,,
51.4588159,0.1300074,Unnamed,,,,,
51.4587338,0.1299735,Unnamed,,,,,
51.4586502,0.1310033,Unnamed,,,,,
51.4585604,0.1309654,Unnamed,,,,,
51.4585465,0.131045,Unnamed,,,,,
51.4585805,0.1308507,Unnamed,,,,,
51.4586138,0.1306599,Unnamed,,,,,
51.458979,0.1290302,Unnamed,,,,,
51.4590146,0.1288089,Unnamed,,,,,
51.4591881,0.1277623,Unnamed,,,,,
51.4595371,0.125888,Brampton Road,,,,,
51.4588186,0.1306301,Avenue Road,,,,,
51.4584499,0.1313743,Upton Road,,,,,
51.4577473,0.1274147,Dallin Road,,,,,
51.459481,0.1255398,Crook Log,,,,,
51.4593352,0.1257796,Talehangers Close,,,,,
51.4567778,0.1247189,The Grove,,,,,
51.4546378,0.1282612,Alers Road,,,,,
51.463634,0.1338595,Unnamed,,,,,
51.4592189,0.1268982,Unnamed,,,,,
51.4590925,0.1277066,Dallin Road,,,,,
51.4588989,0.1290066,Unnamed,,,,,
51.458775,0.1297445,Clarence Road,,,,,
51.4590146,0.1282285,Unnamed,,,,,
51.4591846,0.1271116,Unnamed,,,,,
51.4481092,0.1252393,Unnamed,,,,,
51.4479454,0.1251676,Blendon Road,,,,,
51.4480826,0.1255062,Unnamed,,,,,
51.4479058,0.1254144,Blendon Road,,,,,
51.4480079,0.1258072,Unnamed,,,,,
51.4478436,0.1256997,Blendon Road,,,,,
51.4480698,0.1255693,Unnamed,,,,,
51.4478944,0.1254788,Blendon Road,,,,,
51.4482493,0.1238343,Unnamed,,,,,
51.4481124,0.1237347,Blendon Road,,,,,
51.4475048,0.1282458,Unnamed,,,,,
51.4474433,0.1285852,Woodside Lane,,,,,
51.4481731,0.1248792,Unnamed,,,,,
51.4479957,0.1248171,Blendon Road,,,,,
51.448212,0.1242614,Unnamed,,,,,
51.448232,0.1240013,Unnamed,,,,,
51.4480977,0.1239474,Blendon Road,,,,,
51.4482016,0.1245674,Unnamed,,,,,
51.4480371,0.1245084,Blendon Road,,,,,
51.4481974,0.1246225,Unnamed,,,,,
51.4480294,0.1245685,Blendon Road,,,,,
51.4481657,0.1249357,Unnamed,,,,,
51.4479879,0.124872,Blendon Road,,,,,
51.4481211,0.1251879,Unnamed,,,,,
51.4479518,0.1251252,Blendon Road,,,,,
51.4482562,0.1243269,Unnamed,,,,,
51.4480677,0.1242525,Blendon Road,,,,,
51.4473296,0.1277037,Blendon Road,,,,,
51.4472945,0.1279662,Blendon Road,,,,,
51.4482367,0.1285198,Woodside Lane,,,,,
51.448024,0.1285504,Woodside Lane,,,,,
51.4477711,0.1289095,Unnamed,,,,,
51.4477734,0.1285794,Woodside Lane,,,,,
51.4476299,0.1289368,Unnamed,,,,,
51.4476332,0.1285877,Woodside Lane,,,,,
51.4476074,0.1289258,Unnamed,,,,,
51.447611,0.1285888,Woodside Lane,,,,,
51.4474638,0.1289569,Unnamed,,,,,
51.4474659,0.1285871,Woodside Lane,,,,,
51.4466497,0.1306232,Unnamed,,,,,
51.4465438,0.1308397,Arcadian Avenue,,,,,
51.4471314,0.1314086,Unnamed,,,,,
51.4471221,0.1310966,Arcadian Avenue,,,,,
51.447755,0.1325067,Unnamed,,,,,
51.4476082,0.132103,Unnamed,,,,,
51.4474689,0.1324481,Unnamed,,,,,
51.4474632,0.1325993,Unnamed,,,,,
51.4473904,0.1322597,Arcadian Close,,,,,
51.4473335,0.1326634,Unnamed,,,,,
51.4472743,0.1322876,Arcadian Close,,,,,
51.447578,0.1320847,Unnamed,,,,,
51.4473994,0.1320628,Unnamed,,,,,
51.4472782,0.1320766,Unnamed,,,,,
51.4473163,0.1322764,Arcadian Close,,,,,
51.4468399,0.132014,Unnamed,,,,,
51.4469765,0.1318203,Arcadian Close,,,,,
51.4469558,0.1322173,Unnamed,,,,,
51.4470689,0.1321031,Arcadian Close,,,,,
51.4470838,0.1324928,Unnamed,,,,,
51.4470591,0.1324714,Unnamed,,,,,
51.4471305,0.1322981,Arcadian Close,,,,,
51.4476623,0.1324575,Unnamed,,,,,
51.4478325,0.1323888,Unnamed,,,,,
51.4467556,0.1332711,Unnamed,,,,,
51.4466076,0.1335143,Arbuthnot Lane,,,,,
51.4466937,0.133141,Unnamed,,,,,
51.4465415,0.1334047,Arbuthnot Lane,,,,,
51.4464339,0.1332215,Arbuthnot Lane,,,,,
51.4465171,0.1333649,Arbuthnot Lane,,,,,
51.446969,0.1334388,Unnamed,,,,,
51.4467626,0.1337691,Arbuthnot Lane,,,,,
51.4467996,0.1334511,Unnamed,,,,,
51.4466852,0.1336434,Arbuthnot Lane,,,,,
51.4473435,0.1341274,Unnamed,,,,,
51.4471855,0.134417,Arbuthnot Lane,,,,,
51.4472265,0.1339771,Unnamed,,,,,
51.4470772,0.1342506,Arbuthnot Lane,,,,,
51.4473632,0.1328905,Unnamed,,,,,
51.4473898,0.1332529,Oakway Close,,,,,
51.4472167,0.1330341,Unnamed,,,,,
51.4472723,0.1332135,Oakway Close,,,,,
51.4472229,0.1335694,Unnamed,,,,,
51.4471351,0.1334349,Oakway Close,,,,,
51.4474007,0.1329532,Unnamed,,,,,
51.4475475,0.1330893,Unnamed,,,,,
51.44755,0.1333753,Unnamed,,,,,
51.4474106,0.1332997,Oakway Close,,,,,
51.4475459,0.1335897,Unnamed,,,,,
51.4474653,0.1333682,Oakway Close,,,,,
51.4474169,0.1335082,Unnamed,,,,,
51.4475553,0.13446,Unnamed,,,,,
51.4473933,0.1347504,Arbuthnot Lane,,,,,
51.4469268,0.1369453,Gresham Close,,,,,
51.448046,0.1367103,Unnamed,,,,,
51.448244,0.1365316,Basing Drive,,,,,
51.4480685,0.1374103,Unnamed,,,,,
51.4482684,0.1372393,Basing Drive,,,,,
51.4482045,0.1380113,Basing Drive,,,,,
51.4482943,0.1379923,Basing Drive,,,,,
51.4481529,0.1383769,Unnamed,,,,,
51.4478729,0.1383342,Willow Close,,,,,
51.4480658,0.1381561,Unnamed,,,,,
51.4478863,0.1381917,Willow Close,,,,,
51.4478513,0.1380024,Willow Close,,,,,
51.4482125,0.1392345,Unnamed,,,,,
51.4483262,0.1390872,Basing Drive,,,,,
51.4482094,0.1389289,Unnamed,,,,,
51.448319,0.1388403,Basing Drive,,,,,
51.4464463,0.1354463,Unnamed,,,,,
51.4465018,0.1353192,Brookdale Road,,,,,
51.4465473,0.1356657,Unnamed,,,,,
51.4466401,0.1357566,Meadowview Road,,,,,
51.4467275,0.138688,Unnamed,,,,,
51.4467865,0.1389449,Willow Close,,,,,
51.4467044,0.1386943,Unnamed,,,,,
51.4467616,0.1389488,Willow Close,,,,,
51.4477641,0.1377736,Unnamed,,,,,
51.4477104,0.1380451,Willow Close,,,,,
51.4478186,0.1382687,Unnamed,,,,,
51.4478861,0.1382108,Willow Close,,,,,
51.4478112,0.137817,Unnamed,,,,,
51.4478693,0.1379852,Willow Close,,,,,
51.4479663,0.1378177,Willow Close,,,,,
51.4480377,0.1384432,Unnamed,,,,,
51.4478595,0.1383638,Willow Close,,,,,
51.4476398,0.1407159,Unnamed,,,,,
51.4474641,0.1401457,Upton Road South,,,,,
51.4475743,0.1406153,Unnamed,,,,,
51.4474237,0.1401594,Upton Road South,,,,,
51.4469154,0.1412335,Finsbury Way,,,,,
51.4471376,0.1414993,Hartlands Close,,,,,
51.4478407,0.1413675,Hartlands Close,,,,,
51.4478195,0.141224,Hartlands Close,,,,,
51.4474441,0.1431073,Finsbury Way,,,,,
51.447558,0.1431792,Unnamed,,,,,
51.447407,0.1435699,Unnamed,,,,,
51.4481006,0.1411794,Unnamed,,,,,
51.4479821,0.1411607,Hartlands Close,,,,,
51.4480554,0.1412802,Unnamed,,,,,
51.4480426,0.1411638,Unnamed,,,,,
51.4480872,0.1410596,Unnamed,,,,,
51.4480742,0.1411722,Unnamed,,,,,
51.4479698,0.1410554,Unnamed,,,,,
51.4479076,0.1413714,Unnamed,,,,,
51.4478812,0.141199,Hartlands Close,,,,,
51.4479757,0.1419527,Unnamed,,,,,
51.44782,0.1420152,Unnamed,,,,,
51.4478369,0.1421359,Unnamed,,,,,
51.4478838,0.1419986,Unnamed,,,,,
51.4479013,0.1421074,Unnamed,,,,,
51.4478329,0.1422745,Unnamed,,,,,
51.4477233,0.1422657,Baynham Close,,,,,
51.4478232,0.1424195,Unnamed,,,,,
51.4477463,0.1424381,Baynham Close,,,,,
51.4478249,0.1425572,Unnamed,,,,,
51.447751,0.142587,Unnamed,,,,,
51.4478186,0.1426619,Unnamed,,,,,
51.4474118,0.1426307,Unnamed,,,,,
51.447355,0.1423702,Baynham Close,,,,,
51.446319,0.1403464,Unnamed,,,,,
51.4464377,0.1405949,Upton Road South,,,,,
51.4463423,0.1406612,Upton Road South,,,,,
51.4555269,0.1222849,Unnamed,,,,,
51.4575293,0.1388293,Trinity Place,,,,,
51.4530091,0.130383,Ditton Road,,,,,
51.453469,0.1305312,Unnamed,,,,,
51.4488921,0.1365311,Unnamed,,,,,
51.448735,0.1361925,Iris Avenue,,,,,
51.4577164,0.1415589,Unnamed,,,,,
51.4577251,0.140868,Unnamed,,,,,
51.4577035,0.1410908,Unnamed,,,,,
51.4578865,0.141081,Unnamed,,,,,
51.457907,0.140932,Unnamed,,,,,
51.4570809,0.1416438,Broadway,,,,,
51.4573696,0.1417393,Unnamed,,,,,
51.4570756,0.1416799,Broadway,,,,,
51.457703,0.1408598,Unnamed,,,,,
51.457612,0.1415006,Unnamed,,,,,
51.4554269,0.1434647,Unnamed,,,,,
51.4554692,0.1434895,Albion Road,,,,,
51.4555346,0.1435276,Albion Road,,,,,
51.4555806,0.1435545,Unnamed,,,,,
51.455513,0.1442437,Unnamed,,,,,
51.4554622,0.1442261,Albion Road,,,,,
51.4553971,0.1442035,Albion Road,,,,,
51.4553393,0.1441835,Unnamed,,,,,
