51.4483211,0.1493042,East Rochester Way
51.448467,0.1415716,East Rochester Way
51.4487771,0.1256798,East Rochester Way
51.4488547,0.1238933,East Rochester Way
51.449876,0.1169865,Rochester Way
51.4552807,0.0532429,East Rochester Way
51.4624099,0.0673794,Rochester Way
51.4619473,0.0752083,Rochester Way
51.4585781,0.0794289,East Rochester Way
51.4387142,0.098337,Maple Leaf Drive
51.4387978,0.0976323,Maple Leaf Drive
51.4388357,0.0957464,Maple Leaf Drive
51.4390594,0.0937863,Willersley Avenue
51.4380709,0.0974425,Larch Grove
51.4373557,0.0989195,Larch Grove
51.4372775,0.0990526,Larch Grove
51.4372865,0.0988406,Larch Grove
51.4382076,0.0963673,Baytree Close
51.4384386,0.0933349,Halfway Street
51.4407395,0.0951422,Willersley Avenue
51.441422,0.0957461,Willersley Avenue
51.4424434,0.0969061,Willersley Avenue
51.4432234,0.0984534,Willersley Avenue
51.4436432,0.0998016,Willersley Avenue
51.44423,0.102225,Willersley Avenue
51.4346785,0.102371,Station Road
51.4404541,0.0960013,Willersley Close
51.4420685,0.0976139,White Oak Gardens
51.4423698,0.0988814,Lacebark Close
51.4412922,0.0979248,White Oak Gardens
51.4410363,0.0981408,Acacia Way
51.4424727,0.099544,Acacia Way
51.4424189,0.0997491,Acacia Way
51.4416685,0.0994291,Acacia Way
51.4403743,0.0974726,Acacia Way
51.4400259,0.0986344,Acacia Way
51.4400009,0.0987995,Acacia Way
51.4399776,0.0989126,Acacia Way
51.4414566,0.0973325,Cypress Tree Close
51.4413086,0.0973411,Cypress Tree Close
51.4411998,0.0973466,Cypress Tree Close
51.4405639,0.0969238,Elder Close
51.4329093,0.1027048,Station Road
51.4318195,0.1024435,Station Road
51.4307931,0.1021542,Station Road
51.4477973,0.1186524,Penhill Road
51.4479515,0.1181189,Blackfen Road
51.4489955,0.113729,Blackfen Road
51.4497278,0.1094262,Blackfen Road
51.4501202,0.1066238,Blackfen Road
51.4505777,0.1031011,Blackfen Road
51.4492522,0.1030359,Wellington Avenue
51.4475055,0.1035778,Wellington Avenue
51.4364596,0.0923673,Old Farm Avenue
51.4388287,0.0810251,Old Farm Avenue
51.4403358,0.0774283,Avery Hill Road
51.4375718,0.0721952,Footscray Road
51.4362423,0.0691113,Southwood Road
51.4507942,0.0633725,Bexley Road
51.4506184,0.080686,Bexley Road
51.4502782,0.0805622,Avery Hill Road
51.4440536,0.0825358,Halfway Street
51.4391622,0.0894943,Halfway Street
51.4356575,0.0670469,Southwood Road
51.4370163,0.0710791,Southwood Road
51.4258991,0.0874693,Sidcup By-pass
51.4449191,0.0820649,Halfway Street
51.4383447,0.0821112,Old Farm Avenue
51.4375088,0.084933,Old Farm Avenue
51.4374787,0.0851613,Old Farm Avenue
51.4398517,0.0763098,Avery Hill Road
51.4365977,0.0700727,Southwood Road
51.4358791,0.0678508,Southwood Road
51.4353104,0.0655986,Southwood Road
51.4350975,0.074946,Footscray Road
51.4368771,0.0729406,Footscray Road
51.4396513,0.0724244,Lannoy Road
51.43904,0.0746905,Avery Hill Road
51.437648,0.0758575,Eastnor Road
51.4374884,0.0769881,Merchland Road
51.4397786,0.0761395,Avery Hill Road
51.4408753,0.0785977,Avery Hill Road
51.4395169,0.0756261,Avery Hill Road
51.4328973,0.0959753,Longlands Road
51.4328583,0.1044552,Hatherley Crescent
51.4318449,0.1006749,Manor Road
51.4307592,0.0981663,Crescent Road
51.4328595,0.1056675,Hatherley Crescent
51.4358184,0.1128141,Hurst Road
51.4393703,0.1182768,Hurst Road
51.4414574,0.1174227,Penhill Road
51.4429077,0.1192214,Penhill Road
51.4462543,0.1192255,Penhill Road
51.4473183,0.118847,Penhill Road
51.4513551,0.0972224,Blackfen Road
51.4505817,0.081102,Bexley Road
51.4496312,0.0642925,Southend Crescent
51.4434697,0.0642021,Footscray Road
51.4420783,0.0665883,Footscray Road
51.4433299,0.0640584,Green Lane
51.4414348,0.0635371,Green Lane
51.4335395,0.0768226,Footscray Road
51.433116,0.0775094,Footscray Road
51.4317358,0.09826,Manor Road
51.4456054,0.1041155,The Oval
51.4456574,0.1036663,Burnt Oak Lane
51.4443152,0.1025953,The Oval
51.4475316,0.1167787,Sherwood Park Avenue
51.44767,0.117468,Sherwood Park Avenue
51.4473983,0.1168279,Sherwood Park Avenue
51.4480186,0.1185173,Penhill Road
51.4480578,0.1190465,Penhill Road
51.4478134,0.1189806,Penhill Road
51.4467203,0.1182321,Sherwood Close
51.4446775,0.1193275,Penhill Road
51.444544,0.1177527,Harcourt Avenue
51.4439662,0.117957,Harcourt Avenue
51.4436166,0.1180282,Harcourt Avenue
51.4395211,0.1183822,Hurst Road
51.4394812,0.1186192,Hurst Road
51.4393316,0.1185874,Hurst Road
51.4359775,0.1183587,Canterbury Avenue
51.4437833,0.1024469,Marlborough Park Avenue
51.4430633,0.1028373,Marlborough Park Avenue
51.4423163,0.1031299,Marlborough Park Avenue
51.4410282,0.1029048,Marlborough Park Avenue
51.4403624,0.1027666,Marlborough Park Avenue
51.4385729,0.1024338,Burnt Oak Lane
51.4414795,0.1075031,Burnt Oak Lane
51.4403999,0.1048158,Burnt Oak Lane
51.4395522,0.1047024,Burnt Oak Lane
51.439493,0.1025972,Marlborough Park Avenue
51.4385032,0.1016308,Burnt Oak Lane
51.4400819,0.1008543,Rowanwood Avenue
51.4399349,0.0995821,Rowanwood Avenue
51.4399138,0.0993231,Rowanwood Avenue
51.4399681,0.0997017,Rowanwood Avenue
51.4454253,0.1061245,Burnt Oak Lane
51.4452597,0.1073424,Burnt Oak Lane
51.4449598,0.1084971,Burnt Oak Lane
51.4434604,0.1095113,Burnt Oak Lane
51.442504,0.1080716,Burnt Oak Lane
51.4428952,0.1069412,Hill Crest
51.443459,0.1076003,Somerhill Avenue
51.4432313,0.1057623,Montrose Avenue
51.4455078,0.1048823,Burnt Oak Lane
51.44564,0.1044498,Sherwood Park Avenue
51.4447078,0.1091393,Burnt Oak Lane
51.4390825,0.0896395,Halfway Street
51.4448871,0.0815758,Avery Hill Road
51.4517899,0.0815605,Crown Woods Way
51.4543139,0.0839127,Crown Woods Way
51.4562369,0.0854533,Crown Woods Way
51.4549312,0.0819671,Colepits Wood Road
51.453868,0.0811829,Fairoak Drive
51.4527718,0.0805215,Fairoak Drive
51.4548163,0.0774897,Riefield Road
51.4583763,0.0789458,Riefield Road
51.4587684,0.0798587,Lingfield Crescent
51.4589926,0.0814767,Lingfield Crescent
51.4582266,0.0836872,Lingfield Crescent
51.4570796,0.0839752,Wincrofts Drive
51.4568884,0.0849354,Wincrofts Drive
51.4511578,0.0786777,Bexley Road
51.4625347,0.0626412,Glenesk Road
51.4586614,0.058738,Westmount Road
51.4643862,0.0677733,Crookston Road
51.4632956,0.0675221,Crookston Road
51.4618452,0.0636388,Rochester Way
51.4593387,0.0638165,Glenesk Road
51.4566552,0.0648208,Glenesk Road
51.4558499,0.0651224,Glenesk Road
51.4550459,0.0654199,Glenesk Road
51.4512434,0.0653996,Bexley Road
51.4509394,0.0640944,Bexley Road
51.4544224,0.0608928,Glenshiel Road
51.4551751,0.0603582,Westmount Road
51.4559171,0.0598441,Westmount Road
51.4532559,0.0632177,Elderslie Road
51.4534527,0.0645748,Glenure Road
51.4420096,0.0855276,Halfway Street
51.453655,0.0659554,Glenesk Road
51.4538922,0.1037233,Westwood Lane
51.4582003,0.0986626,Hook Lane
51.4605611,0.1051241,Hook Lane
51.4607174,0.1059932,Hook Lane
51.4622332,0.1072692,Hook Lane
51.4625756,0.1071993,Hook Lane
51.4333231,0.0619755,William Barefoot Drive
51.4337914,0.0637224,Green Lane
51.4310312,0.0639485,Green Lane
51.4299606,0.0659796,Montbelle Road
51.4333324,0.0652684,Felhampton Road
51.4324154,0.0691193,Montbelle Road
51.4363598,0.0718173,Bercta Road
51.4342433,0.0654914,Sidcup Road
51.4328544,0.0695214,Montbelle Road
51.4332968,0.0698017,Sidcup Road
51.4341365,0.1205106,Bexley Lane
51.4345197,0.122776,Longmead Drive
51.4347147,0.1251525,Longmead Drive
51.4347214,0.1253864,Longmead Drive
51.434826,0.1264921,Longmead Drive
51.4348503,0.1266802,Longmead Drive
51.4349754,0.1325283,Betterton Drive
51.4340707,0.1268568,Kimberley Drive
51.4341068,0.1337902,Riverside Road
51.4314428,0.1314253,Riverside Road
51.4311005,0.1312256,Riverside Road
51.431942,0.1275009,Maylands Drive
51.4320158,0.1273748,Kimberley Drive
51.4319552,0.127261,Maylands Drive
51.431874,0.1273219,St. Andrew's Road
51.4318242,0.1286549,Maylands Drive
51.4312225,0.1269902,St. Andrew's Road
51.4292521,0.125225,Ladbrooke Crescent
51.4300044,0.1246436,Cleve Road
51.4311202,0.124588,Maylands Drive
51.4305195,0.1238508,Maylands Drive
51.4319915,0.1208915,Bexley Lane
51.4318813,0.121889,Royal Road
51.432667,0.1224026,Onslow Drive
51.4317491,0.1236939,Harefield Road
51.4322331,0.1246846,Goodwin Drive
51.4334678,0.122915,Onslow Drive
51.433741,0.1229186,Onslow Drive
51.4339446,0.1253385,Goodwin Drive
51.4321864,0.1044226,Hatherley Road
51.4434634,0.1108526,Rowley Avenue
51.4464888,0.1099391,Ramillies Road
51.4462299,0.107988,Sherwood Park Avenue
51.4471109,0.1076233,Burns Avenue
51.4492313,0.1063941,Penshurst Avenue
51.4469843,0.1053099,Portland Avenue
51.4458151,0.1054827,Sherwood Park Avenue
51.4454672,0.105494,Burnt Oak Lane
51.4361323,0.1196045,Foots Cray Lane
51.4336842,0.1138304,Faraday Avenue
51.4335581,0.1123168,Faraday Avenue
51.4338105,0.1152877,Faraday Avenue
51.432958,0.1323157,Riverside Road
51.4321934,0.131845,Riverside Road
51.4325931,0.1288591,Pembury Crescent
51.4331134,0.1290831,Pembury Crescent
51.4332047,0.1312655,Pembury Crescent
51.4346979,0.1315155,Davenport Road
51.4332003,0.1193103,Wren Road
51.4328007,0.1105099,Cleeve Park Gardens
51.4328,0.1106823,Cleeve Park Gardens
51.4329222,0.1124642,Birchwood Avenue
51.4316878,0.115302,Walton Road
51.4316429,0.1167334,Lewis Road
51.4322801,0.1193791,Wren Road
51.433828,0.1208215,Bexley Lane
51.4325147,0.1210656,Bexley Lane
51.4308818,0.1217613,Princes Close
51.4314725,0.1224669,Royal Road
51.4314219,0.1061627,Alma Road
51.4416796,0.0860487,Halfway Street
51.4431177,0.0838245,Halfway Street
51.4506915,0.1023126,Blackfen Road
51.4510114,0.1005891,Blackfen Road
51.4513732,0.0962659,Blackfen Road
51.4515965,0.0945908,Blackfen Road
51.4517072,0.0938838,Blackfen Road
51.4490124,0.0944791,Fen Grove
51.4483695,0.0954616,Queenswood Road
51.4482746,0.0946693,Fen Grove
51.4506137,0.0969414,Christopher Close
51.4505501,0.0996238,Sycamore Avenue
51.4495389,0.0985267,Lime Grove
51.4495347,0.0986641,Lime Grove
51.4492652,0.0996791,Days Lane
51.4500927,0.1011099,Days Lane
51.4489776,0.1018038,Ashcroft Avenue
51.4481606,0.1016748,Ashcroft Avenue
51.4478694,0.100617,Burnt Oak Lane
51.4472416,0.0949451,Fen Grove
51.4468314,0.1014089,Burnt Oak Lane
51.4444966,0.0993224,Haddon Grove
51.4459669,0.0848558,Restons Crescent
51.4447499,0.085061,Southspring
51.4440404,0.0848907,Southspring
51.44317,0.088204,Days Lane
51.4433561,0.08885,Days Lane
51.4457048,0.0936702,Days Lane
51.4459717,0.0947033,Days Lane
51.451353,0.0894142,Blackfen Road
51.4495098,0.0899531,Raeburn Road
51.4499127,0.0877925,Parish Gate Drive
51.4504009,0.0887067,Rider Close
51.4482176,0.0886897,Parish Gate Drive
51.4482166,0.089473,Parish Gate Drive
51.4507135,0.0802198,Bexley Road
51.4503478,0.0805784,Avery Hill Road
51.4505345,0.0869137,Parish Gate Drive
51.4633933,0.1325248,Avenue Road
51.4609211,0.0632272,Glenesk Road
51.4601076,0.0635329,Glenesk Road
51.461456,0.0667648,Dumbreck Road
51.4619444,0.0674528,Dumbreck Road
51.4578625,0.0590278,Westmount Road
51.457055,0.0593264,Westmount Road
51.4577072,0.0644276,Eltham Park Gardens
51.4585043,0.0641235,Glenesk Road
51.4381897,0.0629432,Parkview Road
51.4393448,0.0630411,Green Lane
51.450641,0.0839287,Bexley Road
51.4496104,0.0825085,Restons Crescent
51.4496766,0.0839992,Restons Crescent
51.4496182,0.0854242,Restons Crescent
51.446139,0.0862935,Restons Crescent
51.4455231,0.0834511,Restons Crescent
51.4497104,0.0942978,Fen Grove
51.4502497,0.0912564,Alexander Close
51.4508464,0.0912602,Alexander Close
51.4503278,0.0921927,Wavell Drive
51.4506416,0.0927344,Montgomery Close
51.4496036,0.0928877,Ronaldstone Road
51.4495572,0.0913821,Ronaldstone Road
51.4481557,0.094695,Fen Grove
51.4480883,0.0919169,Holbeach Gardens
51.4455568,0.090159,Norfolk Crescent
51.445417,0.0929638,Days Lane
51.4444745,0.0913602,Days Lane
51.4440762,0.0876166,Norfolk Crescent
51.4461176,0.0949967,Days Lane
51.4442301,0.0840778,Hambledown Road
51.4438098,0.0857569,Hambledown Road
51.4447468,0.0842104,Radfield Way
51.4447786,0.0860098,Greenhithe Close
51.443325,0.0914677,Annandale Road
51.4426946,0.0924149,Annandale Road
51.4421146,0.0938603,Annandale Road
51.4417942,0.0946536,Annandale Road
51.4439802,0.0905174,Days Lane
51.438879,0.0971272,Maple Leaf Drive
51.445477,0.1000601,Cedar Avenue
51.4462121,0.1022895,Burnt Oak Lane
51.4389015,0.0903179,Halfway Street
51.4386614,0.0922071,Halfway Street
51.43947,0.0889364,Halfway Street
51.4402811,0.0880479,Halfway Street
51.4408787,0.0871719,Halfway Street
51.4420956,0.0892578,Woodbine Road
51.4426936,0.0905356,Corbylands Road
51.4389159,0.0793582,Beaverbank Road
51.437656,0.0814081,Oakley Drive
51.4378377,0.0790842,Oakley Drive
51.4393773,0.0785776,Roberts Close
51.437721,0.0781356,Keightley Drive
51.4341892,0.1196874,Faraday Avenue
51.4313392,0.1134612,Birchwood Avenue
51.4296468,0.1169314,Lewis Road
51.431818,0.1192139,Wren Road
51.4328532,0.094051,Longlands Road
51.43246,0.0928776,Longlands Road
51.4322376,0.0914873,Longlands Road
51.4324166,0.0898718,Longlands Road
51.4318114,0.0883613,Longlands Road
51.4315543,0.0912057,Woodside Road
51.4314883,0.0848957,Parkhill Road
51.4301337,0.0863642,Longlands Road
51.4349565,0.0903667,York Avenue
51.4346986,0.089409,Harland Avenue
51.4345514,0.0882943,Harland Avenue
51.4345023,0.0878636,Brooklands Avenue
51.4352055,0.0854434,Brooklands Avenue
51.4304634,0.0841283,Parkhill Road
51.4318741,0.0792486,Footscray Road
51.4329472,0.0815801,Harland Avenue
51.4333599,0.0827804,Harland Avenue
51.4334165,0.08295,Harland Avenue
51.4338428,0.0844691,Harland Avenue
51.4329601,0.0850551,Longlands Park Crescent
51.4305162,0.0828901,Main Road
51.4348543,0.0825944,Brooklands Avenue
51.4341611,0.0825253,Brooklands Avenue
51.4350816,0.0770116,Agaton Road
51.4360034,0.0788771,Dulverton Road
51.4354442,0.0805094,Dulverton Road
51.4337042,0.0785586,Telford Road
51.4351006,0.0793299,Chartwell Close
51.4343557,0.0758667,Footscray Road
51.4330526,0.0794436,Cornwallis Avenue
51.4351232,0.0814101,Dulverton Road
51.4339969,0.0762798,Footscray Road
51.4321041,0.075587,Sidcup Road
51.4323945,0.0742724,Sidcup Road
51.4328928,0.0749477,Mervyn Avenue
51.4333651,0.0754137,Mervyn Avenue
51.4344179,0.0738222,Thaxted Road
51.4339749,0.0731414,Thaxted Road
51.4333352,0.0724397,Thaxted Road
51.434971,0.0716777,Gerda Road
51.4345085,0.0708242,Cadwallon Road
51.4329053,0.0719675,Sidcup Road
51.4326006,0.0733232,Sidcup Road
51.4334142,0.0740616,Gerda Road
51.4349969,0.0674303,Colyer Close
51.4348113,0.0669959,Colyer Close
51.4345201,0.0681675,Colyer Close
51.4333759,0.069843,Sidcup Road
51.4346172,0.0722048,Gerda Road
51.4349392,0.0727248,Craybury End
51.4309314,0.0908186,Woodside Road
51.4307434,0.0952984,Priestlands Park Road
51.4372092,0.1001103,Chestnut Close
51.4620348,0.111429,Welling High Street
51.4616073,0.1140359,School Lane
51.460724,0.1179976,Park View Road
51.4605832,0.1189302,Park View Road
51.4604374,0.1199418,Park View Road
51.4602914,0.1208784,Park View Road
51.4594355,0.125839,Crook Log
51.4591347,0.1277151,Crook Log
51.4588136,0.1297616,Crook Log
51.4586781,0.1305711,Crook Log
51.4585294,0.1313994,Crook Log
51.4584486,0.1318656,Crook Log
51.4582812,0.1329377,Broadway
51.4581398,0.1339715,Broadway
51.4575863,0.1379544,Broadway
51.4554383,0.1437219,Albion Road
51.4555282,0.1437416,Albion Road
51.4502624,0.1215898,Lodge Lane
51.450386,0.1218429,Lodge Lane
51.4506413,0.12161,Lakeside Close
51.4505769,0.1213255,Danson Underpass
51.4597207,0.1239685,Crook Log
51.4624812,0.1079443,Welling High Street
51.4658872,0.0865331,Bellegrove Road
51.4655693,0.0885378,Bellegrove Road
51.464684,0.1020041,Station Approach
51.4643307,0.1000986,Central Avenue
51.4478171,0.1257931,Blendon Road
51.4462472,0.1303512,Blendon Road
51.4454279,0.1322039,Bridgen Road
51.444787,0.1348191,Bridgen Road
51.4392864,0.1217921,Hurst Road
51.4392239,0.122539,Hurst Road
51.4391615,0.1252274,Hurst Road
51.4385883,0.127831,Hurst Road
51.4386566,0.1293337,Hurst Road
51.4385997,0.1313215,Hurst Road
51.4385711,0.1315693,Hurst Road
51.438542,0.1328994,Hurst Road
51.4402485,0.139187,Hurst Road
51.4408626,0.1422659,Hurst Road
51.4409389,0.1439944,Hurst Road
51.4399837,0.1448159,Glenhurst Avenue
51.4383044,0.1352704,Glenhurst Avenue
51.4388196,0.1350398,Hurst Road
51.437863,0.1341967,Brent Close
51.4377668,0.1336717,Brent Close
51.4380272,0.1326655,Hurst Springs
51.4370663,0.130689,Valentine Avenue
51.4360612,0.1295799,Valentine Avenue
51.4359564,0.1263724,Steynton Avenue
51.4370579,0.1263305,Carisbrooke Avenue
51.4369738,0.129187,Steynton Avenue
51.437557,0.1277591,Carisbrooke Avenue
51.4372132,0.1251284,Carisbrooke Avenue
51.4373374,0.1241536,Carisbrooke Avenue
51.4370235,0.1240226,Rutland Close
51.4375895,0.1231217,Carisbrooke Avenue
51.4381288,0.1260211,Stansted Crescent
51.4376521,0.1229368,Carisbrooke Avenue
51.4381109,0.121429,Eynsford Crescent
51.4375107,0.1206735,Eynsford Crescent
51.4369311,0.1213427,Festival Close
51.4372333,0.1192767,Foots Cray Lane
51.4358267,0.1170702,Canterbury Avenue
51.4378825,0.1158335,Hurst Road
51.4371706,0.1147113,Hurst Road
51.4356722,0.1157632,Canterbury Avenue
51.4402983,0.1177875,Penhill Road
51.4420679,0.1216801,Howard Avenue
51.4416623,0.1208643,Howard Avenue
51.4426181,0.1239432,Crofton Avenue
51.4423428,0.1239665,Crofton Avenue
51.4394161,0.1241394,Hurst Road
51.4419007,0.1266413,Montpelier Avenue
51.4416215,0.1271594,Montpelier Avenue
51.4396589,0.1255996,Dorchester Avenue
51.4406413,0.1289867,Selborne Avenue
51.442864,0.1299772,Murchison Avenue
51.439702,0.1264643,Murchison Avenue
51.4396911,0.1285098,Thistlefield Close
51.4409246,0.1284604,Selborne Avenue
51.4403211,0.1314699,Maiden Erlegh Avenue
51.4403222,0.1321119,Maiden Erlegh Avenue
51.4409001,0.1321685,West Woodside
51.4408726,0.1328401,West Woodside
51.4401985,0.134364,Maiden Erlegh Avenue
51.4406639,0.1361846,Camden Road
51.4391872,0.1349958,Camden Road
51.4393944,0.1342359,Greenside
51.4396181,0.1314083,Hurstwood Avenue
51.4395332,0.1334561,Ravenswood
51.4412975,0.1366227,Camden Road
51.441622,0.1353802,Camden Road
51.4417934,0.1369695,Camden Road
51.4420895,0.1358156,Camden Road
51.4422538,0.1372821,Camden Road
51.4410355,0.1420315,Parkwood Road
51.4407805,0.1382347,Woodstock Close
51.4402358,0.1379249,Grangewood
51.4399037,0.1383628,Hurst Road
51.4393716,0.1373582,Hurst Road
51.4404965,0.1399083,Hurst Road
51.4417194,0.1431184,Warwick Close
51.4430582,0.1412082,Parkhill Road
51.4422117,0.1425407,Balmoral Gardens
51.4429765,0.1419003,Parkhill Road
51.443772,0.1383084,Parkhill Road
51.4440677,0.129969,Elmwood Drive
51.4443569,0.1313781,Charter Drive
51.4451409,0.1303973,Elmwood Drive
51.4446748,0.1318246,Venture Close
51.4449458,0.1303347,Elmwood Drive
51.444984,0.1295208,The Drive
51.4456905,0.1212629,The Drive
51.4452878,0.1207807,The Crescent
51.4471404,0.1205839,The Drive
51.4470686,0.122508,Cedar Grove
51.4450145,0.1278706,The Drive
51.4449006,0.1243619,The Drive
51.4449221,0.1242105,The Drive
51.4442055,0.1232718,Bladindon Drive
51.4439676,0.1194989,Penhill Road
51.4442119,0.1243736,Bladindon Drive
51.4481216,0.1234237,Blendon Road
51.4487735,0.1234669,Woodside Lane
51.446187,0.1243522,Beechway
51.4442247,0.124221,Bladindon Drive
51.4463249,0.1231154,The Sanctuary
51.4478648,0.1285717,Woodside Lane
51.4472028,0.1284844,Blendon Road
51.4459634,0.1296092,Arcadian Road
51.4468606,0.1339262,Arbuthnot Lane
51.4477076,0.1335459,Torbrook Close
51.4473832,0.1347354,Arbuthnot Lane
51.4476993,0.135192,Arbuthnot Lane
51.4535443,0.1431095,Townley Road
51.446746,0.135607,Meadowview Road
51.445301,0.136158,Riverdale Road
51.4456427,0.1371491,Riverdale Road
51.4472723,0.1424047,Finsbury Way
51.4473304,0.1426002,Finsbury Way
51.4477171,0.1422194,Baynham Close
51.4470139,0.1415618,Finsbury Way
51.4466931,0.1404522,Upton Road South
51.4463389,0.13924,Riverdale Road
51.4483192,0.1397575,Upton Road South
51.4461878,0.1363954,Meadowview Road
51.4478883,0.137967,Willow Close
51.4476133,0.1371056,Southview Close
51.447208,0.1358233,Gresham Close
51.4468676,0.1363134,Gresham Close
51.4463222,0.1406752,Upton Road South
51.4444754,0.1425586,Upton Road South
51.4455743,0.1450653,Love Lane
51.4449036,0.1434339,Back Lane
51.4464017,0.1394321,Riverdale Road
51.4450355,0.1381532,Shuttlemead
51.4446582,0.1391182,Shuttlemead
51.4453175,0.1400022,The Ridge
51.4452425,0.1382164,Shuttlemead
51.4445495,0.1402172,Shuttlemead
51.4447321,0.1422726,Upton Road South
51.4433491,0.1399021,Parkhill Road
51.4564066,0.0899265,Buckingham Avenue
51.4578202,0.0856457,Sutherland Avenue
51.4592357,0.0845924,Sutherland Avenue
51.4588648,0.0832545,Lingfield Crescent
51.4552286,0.0947107,Sutherland Avenue
51.4546518,0.0942219,Hook Lane
51.4534526,0.1022046,Sutherland Avenue
51.4537072,0.1023141,Yorkland Avenue
51.4533391,0.1026769,Sutherland Avenue
51.4530627,0.1037581,Westwood Lane
51.4557885,0.0895408,Buckingham Avenue
51.4549368,0.0959381,Sutherland Avenue
51.4546503,0.0971514,Sutherland Avenue
51.4543442,0.0984239,Sutherland Avenue
51.4556593,0.0999337,Yorkland Avenue
51.4563179,0.0991347,Yorkland Avenue
51.4569692,0.098341,Yorkland Avenue
51.4575858,0.0975815,Hook Lane
51.4564716,0.0960411,Hook Lane
51.4558871,0.0953596,Hook Lane
51.4571247,0.0903738,Buckingham Avenue
51.4560865,0.0946163,The Green
51.4567914,0.0917206,The Green
51.4605964,0.0898025,Northumberland Avenue
51.4577675,0.092279,Buckingham Avenue
51.4609687,0.0909674,Northumberland Avenue
51.4582219,0.0936103,Buckingham Avenue
51.4613508,0.0920879,Northumberland Avenue
51.4620061,0.0940202,Northumberland Avenue
51.4589398,0.0945123,Buckingham Avenue
51.4593916,0.0952746,Yorkland Avenue
51.4588139,0.0960751,Yorkland Avenue
51.4577163,0.0945049,Cumberland Avenue
51.457203,0.0938949,Falconwood Parade
51.4571203,0.0952304,Cumberland Avenue
51.4582184,0.0968062,Yorkland Avenue
51.4594432,0.0971793,Westwood Lane
51.4625938,0.0971788,Westwood Lane
51.4612836,0.0964492,Westwood Lane
51.4639533,0.0983231,Bellegrove Road
51.4627259,0.0988125,Darwin Road
51.462998,0.0984888,Darwin Road
51.4611873,0.0969642,Darwin Road
51.461595,0.0978497,Darwin Road
51.4619086,0.0983732,Darwin Road
51.4626595,0.100354,Darwin Road
51.4625936,0.1009368,Darwin Road
51.4634904,0.1012729,Bellegrove Road
51.4600429,0.0980199,Huxley Road
51.458617,0.0995155,Hook Lane
51.4609179,0.1031271,Faraday Road
51.4603207,0.1036667,Hook Lane
51.4604144,0.0990192,Tyndall Road
51.4616643,0.0999988,Cavendish Avenue
51.4625086,0.1015402,Faraday Road
51.4615273,0.1012065,Marne Avenue
51.4601415,0.1012493,Maxwell Road
51.4613576,0.1027793,Faraday Road
51.4648714,0.0839751,Eastcote Road
51.4654032,0.0841717,Eastcote Road
51.4662377,0.0845382,Bellegrove Road
51.4626409,0.08482,Ashmore Grove
51.4624703,0.0829914,Ashmore Grove
51.4628439,0.0862176,Ashmore Grove
51.4651711,0.0855358,Falconwood Avenue
51.4631022,0.0875814,Ashmore Grove
51.4649431,0.0869124,Falconwood Avenue
51.4634038,0.0887451,Ashmore Grove
51.4647404,0.0881061,Sherwood Road
51.4626444,0.0892955,Welling Way
51.4620178,0.0864357,Welling Way
51.4616347,0.0829277,Welling Way
51.4610161,0.0868627,Montrose Avenue
51.4622136,0.0914174,Montrose Avenue
51.4642119,0.0913423,Falconwood Avenue
51.4636497,0.0926371,Welling Way
51.4630788,0.090769,Welling Way
51.4630955,0.0940604,Montrose Avenue
51.4638848,0.0934361,Welling Way
51.4635899,0.0955472,Montrose Close
51.4506256,0.0835115,Bexley Road
51.451623,0.0834459,Rennets Wood Road
51.4537505,0.0852596,Rennets Wood Road
51.4547398,0.0844372,Crown Woods Way
51.4516759,0.0852818,Packmores Road
51.452182,0.0852452,Packmores Road
51.450596,0.0860456,Bexley Road
51.4521961,0.0861184,Rennets Close
51.4519211,0.0876329,Boundary Road
51.4509447,0.0884782,Blackfen Road
51.453116,0.0898865,Orchard Rise West
51.4544748,0.0874072,Orchard Rise West
51.4525755,0.0915924,Chester Road
51.451692,0.0903601,Blackfen Road
51.4522227,0.0960138,Leechcroft Avenue
51.4514125,0.0958294,Blackfen Road
51.4527992,0.0921403,Chester Road
51.452998,0.0961485,Leechcroft Avenue
51.4535049,0.0939454,Chester Road
51.453239,0.093297,Chester Road
51.453986,0.0947322,Chester Road
51.4531752,0.0961772,Leechcroft Avenue
51.4526303,0.0984334,Lyndon Avenue
51.4514539,0.098396,Blackfen Road
51.452292,0.0970243,Burleigh Avenue
51.4513643,0.0974432,Blackfen Road
51.4527277,0.1000998,Wynn's Avenue
51.452287,0.0998304,Lyndon Avenue
51.4514451,0.1034476,Westwood Lane
51.4658715,0.0922482,Wickham Street
51.4649542,0.0920657,Bellegrove Road
51.4667431,0.0868848,Hill View Drive
51.4663126,0.0894411,Sandringham Drive
51.4660099,0.0913091,Sandringham Drive
51.4669796,0.0853733,Rokesby Close
51.4660888,0.0853669,Bellegrove Road
51.4668899,0.0952669,Honiton Road
51.4664558,0.0952905,Honiton Road
51.4667894,0.0940427,Camborne Road
51.4657716,0.0960949,Newlyn Road
51.4650972,0.0950918,Baltimore Place
51.4657512,0.0971117,Lulworth Road
51.4666485,0.0970968,Lulworth Road
51.4641317,0.0971539,Bellegrove Road
51.4657968,0.0984748,Cleveland Road
51.4646783,0.0985831,Cleveland Road
51.4669895,0.0989002,Cleveland Road
51.4656241,0.1004249,Central Avenue
51.4652993,0.1002776,Central Avenue
51.4668264,0.1007343,Central Avenue
51.4669324,0.0995697,Tidford Road
51.4674936,0.102914,Norfolk Place
51.4666453,0.1021051,Norfolk Place
51.4657099,0.1027324,Lovel Avenue
51.4671118,0.1074408,Olyffe Avenue
51.4661316,0.1067978,Olyffe Avenue
51.464727,0.1090995,Upper Wickham Lane
51.4651405,0.1038792,William Foster Lane
51.4646689,0.109043,Upper Wickham Lane
51.4510339,0.1126341,Radnor Avenue
51.452061,0.1112288,Radnor Avenue
51.4520838,0.1082194,Tyrrell Avenue
51.451456,0.1073255,Wellan Close
51.4529138,0.1052046,Groombridge Close
51.4528895,0.1066068,Groombridge Close
51.455427,0.1071556,Merlin Road
51.456236,0.1061104,Wendover Way
51.4562098,0.1062217,Merlin Road
51.4544089,0.1051043,Cowper Close
51.4563238,0.1061133,Merlin Road
51.4569677,0.1053751,Merlin Road
51.4549335,0.1024405,Westwood Lane
51.4563219,0.1062459,Danson Lane
51.4573253,0.1091905,Danson Lane
51.4577176,0.1088914,Lakeview Road
51.4575574,0.1099845,Danson Lane
51.4558637,0.1014729,Westwood Lane
51.4568193,0.1004378,Westwood Lane
51.4583825,0.1037355,Merlin Road North
51.4582673,0.1096275,Danson Crescent
51.4588617,0.1079259,Selwyn Crescent
51.4579809,0.1042033,Merlin Road North
51.4583779,0.1060846,Dansington Road
51.4589559,0.1030576,Merlin Road North
51.4598893,0.1048837,Monmouth Close
51.4590168,0.1029417,Merlin Road North
51.4574976,0.099569,Westwood Lane
51.4595516,0.1019697,Hook Lane
51.4627529,0.1060566,Bellegrove Road
51.4610126,0.1062414,Hook Lane
51.4609872,0.1072549,St Leonards Close
51.4598088,0.1088478,Danson Crescent
51.4623331,0.1073505,Hook Lane
51.4614883,0.1079727,Danson Crescent
51.4606886,0.1079791,Lancelot Road
51.4592766,0.1105205,Selwyn Crescent
51.4593138,0.1116219,Danson Lane
51.455851,0.1229392,Danson Road
51.4606169,0.1108635,St Johns Road
51.461661,0.1111602,St Michaels Road
51.4600785,0.1117951,Danson Lane
51.460888,0.1119348,Danson Lane
51.4604173,0.111981,Danson Lane
51.4619589,0.1122958,Welling High Street
51.4599496,0.1117522,Danson Lane
51.4611264,0.1159094,Park View Road
51.4504252,0.1158615,Lakeside Close
51.4497001,0.1187583,Lakeside Close
51.4494936,0.1429948,Horsham Road
51.4493813,0.14266,Horsham Road
51.4515208,0.1433123,Horsham Road
51.4518794,0.1413519,Townley Road
51.4527501,0.1407747,Oaklands Road
51.4535653,0.1418956,Oaklands Close
51.4514785,0.1364433,Upton Road
51.4521978,0.1387157,Martin Dene
51.4488925,0.1391083,Upton Road
51.4491203,0.1396459,Upton Close
51.4485119,0.1376403,East Rochester Way
51.4532006,0.138671,Bellevue Road
51.4532189,0.1364153,Lion Road
51.4540343,0.1362233,Lion Road
51.4543044,0.1399262,Oaklands Road
51.4544043,0.1405967,Royal Oak Road
51.4555828,0.1391464,Oaklands Road
51.4549687,0.1395176,Oaklands Road
51.4548556,0.1361186,Lion Road
51.4552667,0.1360639,Lion Road
51.4557182,0.1360339,Lion Road
51.4540263,0.1353247,Robin Hood Lane
51.4550525,0.1325592,Upton Road
51.452655,0.1318174,Mount Road
51.4523231,0.1328668,Sibley Close
51.4523818,0.1307247,Mount Road
51.4529244,0.131011,Hansol Road
51.4535615,0.1314537,Hansol Road
51.4546207,0.1322117,Hansol Road
51.4517196,0.1270189,Grosvenor Road
51.4516258,0.1276849,Grosvenor Road
51.4523856,0.1274585,Alers Road
51.4532195,0.1278604,Alers Road
51.4536886,0.1271134,Iverhurst Close
51.4532711,0.126911,Iverhurst Close
51.4535239,0.1280124,Alers Road
51.4541683,0.1273277,Iverhurst Close
51.4552708,0.1324128,Upton Road
51.4553574,0.1313188,Windsor Road
51.4548427,0.1282944,Bean Road
51.456054,0.1318597,Upton Road
51.4543487,0.1309611,Timothy Close
51.4546038,0.1314931,Timothy Close
51.4530838,0.1294598,Ditton Road
51.4546427,0.1298177,Cuxton Close
51.4564584,0.13598,Lion Road
51.4578448,0.1361954,Broadway
51.4565911,0.1339995,Standard Road
51.4560272,0.1339596,Paddock Road
51.4560075,0.1333856,Paddock Road
51.4567262,0.1316347,Upton Road
51.4564406,0.1270253,Sydney Road
51.456629,0.125858,Sydney Road
51.4562147,0.1245774,South Close
51.4553713,0.1285834,Red House Lane
51.4559421,0.1261785,Askern Close
51.4554752,0.1235178,Bean Road
51.4565987,0.1230665,Danson Road
51.457278,0.1231804,Danson Road
51.456869,0.1238755,The Grove
51.4574317,0.1249208,North Close
51.4570222,0.1260653,Balcombe Close
51.4576763,0.1284274,Brunswick Road
51.4569794,0.1283968,Robina Close
51.4576624,0.1292739,Brunswick Road
51.4577222,0.1313137,Upton Road
51.4580666,0.134502,Broadway
51.4578938,0.1328819,Emerton Close
51.4582648,0.1330338,Broadway
51.4576073,0.1327809,Emerton Close
51.4509938,0.1261969,Brook Lane
51.4513978,0.1254853,Brasted Close
51.4517134,0.125966,Brasted Close
51.4507218,0.1257493,Brook Lane
51.4504322,0.1252897,Brook Lane
51.4489459,0.1285694,Penn Lane
51.4485896,0.1299743,Penn Lane
51.4487661,0.1275453,Penn Lane
51.4497985,0.1257085,Margaret Road
51.4493438,0.1250304,Coronation Close
51.4502861,0.1250959,Brook Lane
51.4492089,0.1236196,Brook Lane
51.4512742,0.1224782,Danson Road
51.4511676,0.1237045,Sandhurst Road
51.4515652,0.1226965,Danson Road
51.4510032,0.1242562,Sandhurst Road
51.4508192,0.1237748,Wellington Road
51.4498597,0.1228683,Wellington Road
51.4495755,0.1227978,Lodge Lane
51.4501702,0.121977,Lodge Lane
51.4498137,0.1224471,Lodge Lane
51.4493917,0.1230608,Lodge Lane
51.4671287,0.1412403,Belvedere Road
51.4667601,0.1409401,Belvedere Road
51.4656094,0.1404104,Belvedere Road
51.4650067,0.1402932,Belvedere Road
51.4632617,0.1399886,Belvedere Road
51.4610484,0.1380904,Church Road
51.4604949,0.1380086,Church Road
51.4612772,0.1467824,Nursery Avenue
51.4597621,0.1396451,Upland Road
51.4613911,0.1396289,Upland Road
51.4621177,0.1393635,Belvedere Road
51.4624131,0.1463202,Garden Avenue
51.4625443,0.1424395,Nursery Avenue
51.4628852,0.1412545,Nursery Avenue
51.4635524,0.141757,Burr Close
51.4636451,0.1412688,Burr Close
51.4626309,0.137488,Church Road
51.4634862,0.137434,Church Road
51.4610263,0.1347392,Stratton Road
51.4619919,0.1348913,Glengall Road
51.4633365,0.1351475,Glengall Road
51.4629905,0.1323946,Avenue Road
51.462169,0.13212,Avenue Road
51.4617961,0.1319722,Avenue Road
51.4595977,0.1372242,Queen Street
51.4578659,0.1360434,Broadway
51.4605388,0.1365296,Bynon Avenue
51.4595771,0.1356147,Ethronvi Road
51.4580044,0.1349926,Broadway
51.4593084,0.134446,Harcourt Road
51.4598641,0.1335877,Sandford Road
51.4600192,0.1323604,Pickford Road
51.4612492,0.1317338,Avenue Road
51.4604087,0.1313461,Avenue Road
51.4622324,0.1310648,Blackthorn Grove
51.4626805,0.1307237,Blackthorn Grove
51.4613994,0.1307027,Chestnut Drive
51.4632959,0.1286313,Brampton Road
51.4617903,0.1274126,Brampton Road
51.4619444,0.1275538,Brampton Road
51.4626107,0.128087,Brampton Road
51.4611529,0.1268586,Brampton Road
51.460798,0.128968,Glynde Road
51.4606192,0.1300704,Glynde Road
51.4601133,0.1300703,Glynde Road
51.4597082,0.1291739,Regency Way
51.4598264,0.1285553,Regency Way
51.4592244,0.1289684,Adams Square
51.4595165,0.1301717,Regency Way
51.4599419,0.1278857,Regency Way
51.4594483,0.127647,Gainsborough Square
51.4601101,0.1273736,Hanover Way
51.4605379,0.1274539,Hanover Way
51.4635038,0.1230623,South Gipsy Road
51.4643641,0.1233395,Gipsy Road
51.4638094,0.1231598,South Gipsy Road
51.4627986,0.1216266,Westbrooke Road
51.461969,0.1181089,Stuart Evans Close
51.4618453,0.1183288,Stuart Evans Close
51.4622589,0.119513,Lewis Road
51.4628822,0.1195372,Westbrooke Road
51.4628697,0.1199596,Westbrooke Road
51.4629574,0.1180137,Westbrooke Road
51.463177,0.1170122,Westbrooke Road
51.461157,0.1158101,Park View Road
51.4634009,0.1160773,Westbrooke Road
51.4613807,0.1149759,Park View Road
51.4638588,0.1163654,Clifton Road
51.4636556,0.1172456,Clifton Road
51.464037,0.1113902,Westbrooke Road
51.4624577,0.1134347,Carlton Road
51.4643159,0.1086925,Upper Wickham Lane
51.4636356,0.1090163,Springfield Road
51.4637614,0.1083948,Upper Wickham Lane
51.4633501,0.1067013,Edmund Road
51.4626999,0.1063462,Bellegrove Road
51.4639672,0.1069933,Edmund Road
51.4631812,0.1081317,Upper Wickham Lane
51.4628734,0.1053468,Bellegrove Road
51.4641427,0.1032036,Ruskin Avenue
51.4641691,0.1030834,Ruskin Avenue
51.464516,0.1031987,Ruskin Grove
51.4635355,0.1009923,Bellegrove Road
51.4649682,0.1427146,Haslemere Road
51.4658573,0.1433653,Grace Avenue
51.4651176,0.1421903,Haslemere Road
51.4645545,0.1416543,Lonsdale Road
51.4640899,0.1375539,Church Road
51.4641256,0.1352558,Percy Road
51.4648282,0.1353404,Oldfield Road
51.4648102,0.1359555,Oldfield Road
51.4655178,0.1382008,Fairfield Road
51.4648179,0.1378891,Church Road
51.4660768,0.1378744,Hudson Road
51.4660114,0.1367311,Herbert Road
51.4660004,0.1360478,Herbert Road
51.4674993,0.1381948,Hudson Road
51.467662,0.1371426,Harding Road
51.4670323,0.1358107,Stanhope Road
51.4661241,0.1355552,Herbert Road
51.4673069,0.1338122,Hamilton Road
51.4663305,0.1337512,Pickford Lane
51.4660752,0.133562,Pickford Lane
51.4656694,0.1332437,Pickford Lane
51.465507,0.1353027,Somersham Road
51.4649481,0.1330065,Pickford Lane
51.4657471,0.1314175,Pickford Close
51.4648585,0.1329761,Pickford Lane
51.4642499,0.1327808,Pickford Lane
51.4640107,0.1327046,Pickford Lane
51.4665502,0.1305346,Dorcis Avenue
51.4667008,0.1294335,Brampton Road
51.4641517,0.1303855,Basilon Road
51.4644711,0.1291034,Brampton Road
51.4674503,0.1296052,Brampton Road
51.4668541,0.1337724,Pickford Lane
51.4649156,0.1290712,Brampton Road
51.4649674,0.1282974,Fairlawn Avenue
51.4646761,0.1234578,Gipsy Road
51.4654222,0.123714,Gipsy Road
51.465905,0.1265712,Holmesdale Road
51.4656687,0.1292016,Brampton Road
51.4659525,0.1238846,Gipsy Road
51.4661714,0.1239575,Gipsy Road
51.466027,0.1252192,Holmesdale Road
51.4677307,0.1270691,Alexander Road
51.4682828,0.1259922,Winchester Road
51.4674868,0.1244038,Gipsy Road
51.4670554,0.1198185,Elsa Road
51.4666496,0.124129,Gipsy Road
51.4660403,0.1221103,Sutcliffe Road
51.4660236,0.1215605,Sutcliffe Road
51.4672549,0.1176524,Elsa Road
51.4671587,0.1187081,Elsa Road
51.4661071,0.1197983,Avondale Road
51.4652509,0.1196303,Avondale Road
51.4650437,0.1235839,Gipsy Road
51.4645095,0.1195061,Northdown Road
51.4644942,0.1183965,Northdown Road
51.4645334,0.1173194,Northdown Road
51.4645648,0.1162014,Northdown Road
51.465227,0.1162135,Kenmere Road
51.46601,0.1162012,Kenmere Road
51.4667327,0.1163236,Kenmere Road
51.4673736,0.1165433,Kenmere Road
51.4672539,0.1104723,Balliol Road
51.4660366,0.1152261,Somerhill Road
51.4665271,0.1103946,Upper Wickham Lane
51.4660654,0.1147063,Somerhill Road
51.4659124,0.1102604,Upper Wickham Lane
51.4655857,0.1099706,Upper Wickham Lane
51.4312772,0.070886,Domonic Drive
51.4328596,0.0718066,Sidcup Road
51.4305188,0.0673723,Montbelle Road
51.4318337,0.0712772,Domonic Drive
51.4289113,0.0696832,Brownspring Drive
51.4315054,0.0700849,Domonic Drive
51.4314262,0.0727959,Molescroft
51.4301839,0.0740207,Imperial Way
51.4479627,0.117486,Blackfen Road
51.4311308,0.1031093,Laurel Close
51.4310238,0.1040877,Hatherley Road
51.4300459,0.1087303,Lansdown Road
51.4297722,0.1143349,Walton Road
51.4313564,0.1205337,Bexley Lane
51.4325863,0.1084393,Hemmings Close
51.4326826,0.109229,Hemmings Close
51.4330492,0.1089565,Hemmings Close
51.4334003,0.1089193,Faraday Avenue
51.4378976,0.1255402,Stansted Crescent
51.4407209,0.1162408,Viewfield Road
51.4424232,0.1150547,Oakley Park
51.4409209,0.0786988,Avery Hill Road
51.4411311,0.0752625,Sparrows Lane
51.4409954,0.0730845,Tiverton Drive
51.4412328,0.0722252,Alverstone Gardens
51.4409799,0.0745942,Sparrows Lane
51.4419544,0.0747684,Sparrows Lane
51.4399295,0.0719696,Lannoy Road
51.4401467,0.0715917,Lannoy Road
51.4390547,0.0718133,Reventlow Road
51.4385865,0.0725298,Gaitskell Road
51.4380838,0.0716862,Footscray Road
51.4425861,0.0743035,Sparrows Lane
51.4387903,0.0675368,Blanmerle Road
51.4393005,0.0676719,Hainault Street
51.4392548,0.0681197,Hainault Street
51.4395109,0.0711802,Brentwood Close
51.4393525,0.0704693,Footscray Road
51.4397932,0.0676014,Ivor Grove
51.4403905,0.0696837,Footscray Road
51.4415515,0.06599,Cambridge Green
51.4432864,0.0631805,Starbuck Close
51.4443152,0.0632749,Footscray Road
51.4496352,0.0651606,Southend Close
51.4489476,0.0654848,Southend Close
51.4512689,0.071755,Lemonwell Drive
51.4519718,0.07124,Bexley Road
51.4492498,0.0663138,Oakways
51.4491383,0.0662663,Oakways
51.449789,0.0660225,Oakways
51.4496535,0.0659845,Oakways
51.4497152,0.0665369,Oakways
51.4504593,0.0660801,Oakways
51.450443,0.0656604,Oakways
51.4491433,0.0668526,Oakways
51.4503722,0.0664254,Oakways
51.4507948,0.0660596,Oakways
51.4511146,0.06653,Oakways
51.4505628,0.0661789,Oakways
51.4475713,0.0932342,Cloverdale Gardens
51.4476505,0.0948285,Fen Grove
51.446416,0.0936123,Berwick Crescent
51.4425424,0.0909218,Corbylands Road
51.440179,0.0840795,Cambria Close
51.4402741,0.0839129,Cambria Close
51.440085,0.0842377,Cambria Close
51.4409893,0.0870066,Halfway Street
51.4396647,0.0844741,Ellison Road
51.4404082,0.0878931,Halfway Street
51.4394377,0.085785,Valliers Wood Road
51.4392511,0.0872518,Valliers Wood Road
51.4389736,0.0855736,Valliers Wood Road
51.4388742,0.086146,Vincent Close
51.4384027,0.0840271,Valliers Wood Road
51.4371957,0.0943918,Lamorbey Close
51.4374414,0.0928294,Hollies Avenue
51.4372389,0.0954791,Lamorbey Close
51.4368043,0.0951881,Lamorbey Close
51.4364947,0.0964792,Lingey Close
51.4369775,0.0973364,Old Farm Road West
51.4374929,0.0979471,Halfway Street
51.4356379,0.0969059,Old Farm Avenue
51.4367697,0.0999387,Halfway Street
51.4350637,0.0991347,Old Farm Avenue
51.4354794,0.1009435,Unnamed
51.4351328,0.1043203,Hurst Road
51.4347709,0.1085923,Hurst Road
51.4343189,0.1048585,Greenwood Close
51.4434608,0.0809218,Avery Hill Road
51.4435408,0.0830704,Halfway Street
51.4443278,0.0832546,Croyde Close
51.439383,0.0817939,Crombie Road
51.4590503,0.0651603,Berryhill Gardens
51.4595514,0.0649143,Berryhill
51.4617328,0.0660475,Glenhead Close
51.461368,0.0661877,Dumbreck Road
51.4612203,0.0652248,Dumbreck Road
51.4614421,0.0641234,Glendale Close
51.4610737,0.0642595,Dumbreck Road
51.4557412,0.0776742,Riefield Road
51.4554778,0.0769962,Riefield Road
51.4686604,0.0696757,Shooters Hill
51.4483608,0.150443,East Rochester Way
51.4506351,0.1126635,Park Mead
51.4488285,0.1191267,Danson Underpass
51.449608,0.114161,Westerham Drive
51.4487323,0.1169198,Westerham Drive
51.4497898,0.1136466,Westerham Drive
51.4501276,0.1129513,Shorne Close
51.4508869,0.10954,Park Mead
51.4504132,0.1094502,Rochester Close
51.4509175,0.1062849,Gwillim Close
51.4501883,0.1061544,Blackfen Road
51.4500769,0.1069441,Blackfen Road
51.4511065,0.1052528,Gwillim Close
51.4494698,0.1044186,Maple Crescent
51.4503153,0.1052045,Blackfen Road
51.4493445,0.1094032,Ramillies Road
51.4463269,0.10871,Sherwood Park Avenue
51.4468963,0.1037577,Wellington Avenue
51.4501606,0.1107701,Overcourt Close
51.4501361,0.1110582,Overcourt Close
51.4496036,0.1109633,Blackfen Road
51.4473201,0.1084681,Bowes Close
51.4472472,0.1075951,Burns Avenue
51.450408,0.1120066,Cobham Close
51.4507184,0.1117807,Park Mead
51.4533447,0.0940752,Ridgeway East
51.4502393,0.092491,Fernbrook Avenue
51.4517634,0.0922666,Blackfen Road
51.4502458,0.0964586,Fairfield Close
51.4489707,0.0953068,Queenswood Road
51.4492337,0.0882095,Parish Gate Drive
51.4516621,0.0870904,Blair Close
51.4515212,0.0872012,Blair Close
51.451726,0.0878103,Boundary Road
51.4385846,0.1169655,Hurst Road
51.4648815,0.0833079,Oxleas Close
51.4384554,0.0877813,Brookend Road
51.4457867,0.1264667,Beechway
51.4486134,0.1207003,Woodside Lane
51.4461711,0.1304825,Blendon Road
51.4474317,0.1322502,Arcadian Close
51.4466409,0.1309327,Arcadian Avenue
51.446034,0.13068,Bridgen Road
51.4560798,0.144124,Royal Oak Road
51.4350171,0.0643279,Southwood Road
51.4435022,0.122501,Albany Close
51.442495,0.1197731,Albany Road
51.4369308,0.0995087,Halfway Street
51.452625,0.1250927,Green Vale
51.4522928,0.1274165,Alers Road
51.4523427,0.1246744,Brasted Close
51.4528775,0.1326997,Mount Road
51.4535596,0.1322543,Barton Close
51.4385303,0.1326036,Hurst Road
51.4377097,0.1227774,Carisbrooke Avenue
51.4307917,0.1133842,Birchwood Avenue
51.4504656,0.0839406,Alderwood Road
51.4498233,0.0807344,Avery Hill Road
51.4498628,0.0809947,Bexley Road
51.4482788,0.0636217,Southend Crescent
51.4481784,0.0648504,Andrews Place
51.4484243,0.0648862,Andrews Place
51.4639294,0.1164062,Unnamed
51.4649792,0.101882,Stephenson Close
51.4430414,0.0839508,Halfway Street
51.4425906,0.0833014,Forest Way
51.4322856,0.102584,Station Road
51.4473971,0.0845301,Alderwood Road
51.4488046,0.0855999,Rainham Close
51.4489179,0.086259,Rainham Close
51.4337377,0.0633985,William Barefoot Drive
51.4336724,0.0637499,Green Lane
51.4535401,0.1345236,Robin Hood Lane
51.4541516,0.1362079,Lion Road
51.4642194,0.1059852,Deepdene Road
51.4673083,0.092542,Wickham Street
51.450284,0.0638934,Southend Crescent
51.4504725,0.0646482,Wythens Walk
51.4498959,0.0650357,Southend Close
51.4503292,0.065162,Southend Close
51.4503814,0.06429,Wythens Walk
51.4504531,0.0831298,Bexley Road
51.4503517,0.0868073,Bexley Road
51.450578,0.0821568,Bexley Road
51.4510031,0.0821199,Bexley Road
51.4509989,0.0819051,Bexley Road
51.4510085,0.0823302,Bexley Road
51.448938,0.0826611,Anstridge Road
51.4489804,0.0831466,Anstridge Road
51.4490402,0.083132,Anstridge Road
51.4489255,0.0831591,Anstridge Road
51.4490682,0.0841444,Alderwood Road
51.4490972,0.0845644,Alderwood Road
51.4491777,0.0845544,Alderwood Road
51.4490203,0.084586,Alderwood Road
51.4495101,0.0887071,Kirkland Close
51.4487876,0.0884733,Parish Gate Drive
51.448856,0.0889635,Copsewood Close
51.4476813,0.0844615,Alderwood Road
51.4508535,0.0911475,Alexander Close
51.4490098,0.089305,Copsewood Close
51.4506063,0.0928814,Montgomery Close
51.4506671,0.0926778,Montgomery Close
51.4481831,0.0919126,Holbeach Gardens
51.4479977,0.0919221,Holbeach Gardens
51.4482972,0.0956642,Queenswood Road
51.4513872,0.0977582,Blackfen Road
51.4503528,0.097424,Hawthorn Terrace
51.4533928,0.0936795,Chester Road
51.4514746,0.0872371,Blair Close
51.4611671,0.1124506,John Newton Court
51.461065,0.1136385,John Newton Court
51.4613641,0.1133804,John Newton Court
51.4612634,0.1136919,John Newton Court
51.4619732,0.1172772,Moat Croft
51.4605038,0.1195153,Park View Road
51.4635933,0.1172011,Clifton Road
51.4637538,0.1173041,Clifton Road
51.4614641,0.1066002,Hook Lane
51.4615346,0.1063812,Midwinter Close
51.4619645,0.1063674,Midwinter Close
51.4614651,0.1060088,Midwinter Close
51.4644074,0.0955027,Bellegrove Road
51.4642381,0.095444,Bellegrove Parade
51.46397,0.0942794,Bellegrove Parade
51.4641078,0.0941787,Welling Way
51.4646844,0.0937409,Bellegrove Road
51.4653229,0.0936443,Bellegrove Close
51.464738,0.0999359,Central Avenue
51.4639512,0.1000663,Central Avenue
51.4636936,0.0999526,Bellegrove Road
51.466941,0.1045794,Burnell Avenue
51.4634844,0.1031013,Ruskin Drive
51.463713,0.1057448,Deepdene Road
51.463849,0.1049596,Ruskin Avenue
51.4635796,0.104851,Woodville Grove
51.463326,0.1046754,Woodville Grove
51.463609,0.1037478,Woodville Grove
51.4651019,0.1109344,Northdown Road
51.4648347,0.1106727,Rackham Close
51.4591176,0.1256992,Talehangers Close
51.4591741,0.1252757,Talehangers Close
51.4588474,0.1251808,Talehangers Close
51.4588763,0.1256692,Talehangers Close
51.4588947,0.1248507,Talehangers Close
51.4592225,0.1249743,Talehangers Close
51.4600011,0.1266752,Longmere Court
51.4627109,0.1299591,Blackthorn Grove
51.4632813,0.1269168,Fox Hollow Drive
51.4634941,0.12545,Fox Hollow Drive
51.4635113,0.1253348,Fox Hollow Drive
51.4635968,0.1254378,Fox Hollow Drive
51.4634443,0.1257834,Fox Hollow Drive
51.4636701,0.1257982,Fox Hollow Drive
51.4636598,0.1269635,Fox Hollow Drive
51.4633519,0.1264023,Fox Hollow Drive
51.4636418,0.1264261,Fox Hollow Drive
51.4636084,0.1291121,Brampton Road
51.4638007,0.1326415,Pickford Lane
51.4636703,0.1336583,Station Approach
51.4612196,0.1384027,Belvedere Road
51.4597651,0.1381326,Church Road
51.4596774,0.1387402,Mayfield
51.4595506,0.1381681,Church Road
51.4598972,0.1229959,Park View Road
51.4604173,0.1232675,Park View Road
51.4575355,0.1433307,Arnsberg Way
51.462226,0.1144017,School Lane
51.4384478,0.0727509,Gaitskell Road
51.439379,0.0740313,Stanley Close
51.4381195,0.0883095,Pinewood Avenue
51.4378834,0.087518,Brindle Gate
51.4433515,0.0871615,Hambledown Road
51.443469,0.0854802,Greenhithe Close
51.4435083,0.0853693,Greenhithe Close
51.4434301,0.0855884,Greenhithe Close
51.4417325,0.0878297,Merrilees Road
51.4430944,0.0880228,Days Lane
51.4427852,0.0863586,Arlington Close
51.44452,0.0954712,Oaklands Avenue
51.4451438,0.0944841,Oaklands Avenue
51.4420185,0.0940989,Annandale Road
51.4432573,0.0965009,Shuttle Close
51.4490159,0.1045464,Maple Crescent
51.450503,0.1068107,Merino Place
51.4501795,0.1129701,Shorne Close
51.4500819,0.1129356,Shorne Close
51.4471997,0.1085022,Bowes Close
51.4474598,0.1084279,Bowes Close
51.4481312,0.1176303,Unnamed
51.4479598,0.117624,Blackfen Road
51.457577,0.1388449,Trinity Place
51.458232,0.1389993,Trinity Place
51.457936,0.1389861,Trinity Place
51.4580343,0.1380499,Church Road
51.4573652,0.1396958,Broadway
51.4583023,0.1400774,Banks Lane
51.4532401,0.1392816,Bellevue Road
51.4521789,0.1410753,Oaklands Road
51.4517473,0.1405613,Meadow Close
51.453124,0.1336719,Upton Road
51.4493457,0.1401836,Upton Close
51.4506723,0.1374702,Upton Road
51.4502579,0.1367073,Upton Road
51.4495917,0.1382867,Upton Road
51.4485938,0.1353752,Iris Avenue
51.4493671,0.1278326,Margaret Road
51.4492868,0.1251632,Coronation Close
51.4494152,0.1249057,Coronation Close
51.4500833,0.126611,Pengarth Road
51.4503142,0.1270638,Pengarth Road
51.4503635,0.1269986,Pengarth Road
51.4502496,0.1271362,Pengarth Road
51.4555895,0.1333825,Lenor Close
51.4506947,0.1219621,Danson Road
51.431891,0.1024698,Station Road
51.4385926,0.0711348,Footscray Road
51.4353246,0.072569,Craybury End
51.4350839,0.0734445,Craybury End
51.4358361,0.0758762,Agaton Road
51.4358376,0.0756783,Agaton Road
51.4347811,0.0777131,Agaton Road
51.4346442,0.0777236,Agaton Road
51.4324217,0.0803183,Harland Avenue
51.4317974,0.0793433,Footscray Road
51.4323506,0.080416,Harland Avenue
51.4328716,0.0816425,St Margarets Avenue
51.4332795,0.0828485,Marechal Niel Avenue
51.4337653,0.0845147,Gulliver Road
51.4344575,0.0883858,Little Birches
51.4346113,0.0895242,Gloucester Avenue
51.4349087,0.0905948,York Avenue
51.4333372,0.0830205,Harland Avenue
51.4344218,0.0878969,Harland Avenue
51.4337344,0.0937832,York Avenue
51.434879,0.0906564,York Avenue
51.434898,0.0943497,Northbourne Court
51.4329303,0.0876597,Longlands Park Crescent
51.4332563,0.0878144,Marlwood Close
51.433223,0.0879912,Marlwood Close
51.4332905,0.0876355,Marlwood Close
51.4320852,0.0847773,Longlands Park Crescent
51.4320402,0.0843045,Braemar Gardens
51.4321006,0.0843098,Braemar Gardens
51.4319841,0.0843004,Braemar Gardens
51.4316051,0.0851372,Parkhill Road
51.4311303,0.0856864,Croft Way
51.4301845,0.0878885,Bedford Road
51.4323645,0.0786086,Footscray Road
51.4316124,0.0784111,Aldwick Close
51.4315387,0.0796699,Footscray Road
51.431446,0.0795237,Footscray Road
51.430933,0.0808672,Main Road
51.4319029,0.0809799,Blenheim Court
51.43076,0.081552,Main Road
51.4318179,0.0976631,Priestlands Park Road
51.4321728,0.0976313,Rangeworth Place
51.4314738,0.0946466,Chyngton Close
51.4314063,0.0952657,Priestlands Park Road
51.4312854,0.1140507,Rosewood Close
51.432692,0.1110567,Parkside
51.4332249,0.1104335,Cleeve Park Gardens
51.4332138,0.1099158,Cleeve Park Gardens
51.4332775,0.1089281,Hemmings Close
51.433296,0.1094167,Hemmings Close
51.4332497,0.1082164,Hemmings Close
51.4325734,0.1092622,Hemmings Close
51.4328024,0.1087355,Hemmings Close
51.4307685,0.105971,Birkbeck Road
51.438638,0.1295943,Hurst Road
51.4370448,0.133617,Alton Close
51.4380146,0.1327187,Hurst Springs
51.4380394,0.1326125,Hurst Springs
51.4409113,0.1319394,West Woodside
51.4403295,0.1312434,Maiden Erlegh Avenue
51.4396249,0.1284314,Thistlefield Close
51.4397186,0.1283455,Thistlefield Close
51.4386007,0.1263085,Hurst Road
51.4350235,0.1084428,Hurst Road
51.4319411,0.1032064,Maltings Mews
51.4329048,0.0991718,Longlands Road
51.4323649,0.0987434,Ham Shades Close
51.4325098,0.100035,Grange Close
51.44767,0.1326798,Torbrook Close
51.4425428,0.140736,Chilham Close
51.4478072,0.1351806,Torbrook Close
51.4483274,0.1391435,Basing Drive
51.4416036,0.1368376,Camden Road
51.441353,0.1377853,Camden Road
51.4414297,0.137841,Camden Road
51.4411493,0.1379777,Camden Road
51.4427774,0.1435953,Parkhill Road
51.4428321,0.1437326,Parkhurst Road
51.4478734,0.1190601,Penhill Road
51.4481167,0.1186452,Penhill Road
51.4503732,0.1212755,Danson Underpass
51.4483246,0.1202272,Blendon Road
51.4481483,0.1204995,Blendon Road
51.4483379,0.1207377,Blendon Road
51.4484327,0.1206484,Blendon Road
51.4481499,0.1211562,Blendon Road
51.4481554,0.1205612,Blendon Road
51.4501215,0.1165878,Rochester Way
51.4496701,0.1211045,Danson Road
51.4381665,0.1189775,Foots Cray Lane
51.4588109,0.0791134,Rochester Way
51.4584424,0.0791396,Riefield Road
51.4581138,0.0781838,Riefield Road
51.449046,0.0994452,Days Lane
51.4469043,0.093885,Caithness Gardens
51.4462179,0.0949109,Fen Grove
51.4463157,0.09545,Days Lane
51.4421428,0.1136346,Dene Avenue
51.4434799,0.1130113,Rowley Avenue
51.4424464,0.1184496,Penhill Road
51.4343385,0.1341961,Riverside Road
51.4571169,0.0832677,East Rochester Way
51.4554532,0.0895697,East Rochester Way
51.451197,0.1115047,Radnor Avenue
51.4496161,0.1191785,Lakeside Close
51.4507445,0.1214528,Lakeside Close
51.4501348,0.1213624,Danson Road
51.4492036,0.1397693,Upton Close
51.4356642,0.0722756,Bishops Close
51.4574456,0.1387059,Broadway
51.4379956,0.0748684,Quilters Place
51.4380975,0.0743561,Quilters Place
51.4381455,0.0754446,Eastnor Road
51.437845,0.0748684,Quilters Place
51.4370558,0.072752,Footscray Road
51.4373768,0.0738679,Ellis Close
51.4322234,0.0698123,Chanctonbury Close
51.4323429,0.0959621,Austral Close
51.432335,0.096527,Austral Close
51.4322232,0.0948928,Austral Close
51.4320802,0.0976256,Rangeworth Place
51.4320995,0.0974793,Rangeworth Place
51.4347901,0.0973412,Bursdon Close
51.4357533,0.0964516,Old Farm Avenue
51.4378791,0.0879979,Brindle Gate
51.4379625,0.0879792,Brindle Gate
51.4429561,0.0646181,Clare Corner
51.4428786,0.0639802,Green Lane
51.4648912,0.1450115,Haslemere Road
51.4554056,0.1228623,Danson Road
51.4621618,0.1029486,Faraday Road
51.4475733,0.0857505,Alderwood Road
51.4488136,0.0850129,Rainham Close
51.4624601,0.103669,Turnpike Close
51.460912,0.1169351,Park View Road
51.461143,0.1168772,Denham Close
51.4614735,0.118695,Sharnbrooke Close
51.4601211,0.1218198,Park View Road
51.464017,0.1232228,Gipsy Road
51.4596405,0.1363397,West Street
51.4565482,0.1345832,Standard Road
51.4442174,0.1015742,Haddon Grove
51.4641365,0.0676561,Crookston Road
51.4604556,0.0662013,Berryhill
51.4592963,0.0638315,Glenesk Road
51.4633273,0.0623516,Glenesk Road
51.4614142,0.1336274,Stratton Close
51.4623567,0.1174495,Warwick Road
51.4604951,0.1338546,Sandford Road
51.4595417,0.136327,West Street
51.4628034,0.1350676,Glengall Road
51.4625584,0.1166398,Warwick Road
51.46108,0.134196,Stratton Road
51.4607204,0.1323685,Pickford Road
51.462712,0.1362951,Woodlands Road
51.4655403,0.1022476,Lovel Avenue
51.46581,0.1020504,Bennett Close
51.4661416,0.1013978,Bennett Close
51.4410347,0.117493,Penhill Road
51.4480739,0.1202183,Blendon Road
51.4470589,0.1037106,Wellington Avenue
51.4494863,0.11348,Warne Place
51.4377964,0.1291562,Esher Close
51.4467988,0.1030305,Foxglove Close
51.4339213,0.129475,Diana Close
51.4337734,0.1298953,Diana Close
51.4453915,0.1344678,Kemsing Close
51.4382906,0.1200448,Cottage Field Close
51.4332601,0.1298512,Pembury Crescent
51.4334632,0.1285305,Pembury Crescent
51.4387285,0.1199253,Cottage Field Close
51.4467024,0.1030598,Foxglove Close
51.4449339,0.1342439,Bridgen Road
51.433905,0.1309997,Diana Close
51.4333592,0.1002582,Kingsmead Close
51.4329042,0.100239,Longlands Road
51.4422262,0.1171932,The Rise
51.4433969,0.0813785,Overmead
51.4406442,0.1240655,Crofton Avenue
51.4407745,0.1244444,Wakeford Close
51.452409,0.1353062,Upton Road
51.453655,0.1304521,Charlotte Close
51.4543535,0.128702,Cobham Place
51.4543743,0.128221,Alers Road
51.4576796,0.1281974,Brunswick Road
51.4580781,0.1283543,Brunswick Close
51.4600997,0.1292517,Portman Close
51.4601874,0.1287046,Queen Anne Gate
51.4510471,0.0970788,Darnley Close
51.4332236,0.069762,Montbelle Road
51.4341558,0.0654344,Felhampton Road
51.4626202,0.1067813,Bellegrove Road
51.4624034,0.10792,Welling High Street
51.4625118,0.10715,Welling High Street
51.4624673,0.1074113,Hook Lane
51.4623532,0.1086299,Welling High Street
51.4641208,0.0996292,Unnamed
51.4640895,0.0991599,Unnamed
51.4640238,0.09959,Unnamed
51.4656219,0.102919,Olyffe Avenue
51.4655567,0.1023179,Lovel Avenue
51.4655954,0.1025933,Lovel Avenue
51.4581467,0.0665231,Eltham Park Gardens
51.448035,0.0651807,Andrews Place
51.4503612,0.0638157,Southend Crescent
51.4507057,0.0633593,Southend Crescent
51.450726,0.0635055,Southend Crescent
51.4510782,0.0647561,Bexley Road
51.4615869,0.0650821,Glenbarr Close
51.4556098,0.0550454,Rochester Way
51.4584917,0.0786801,Shepherd Leas
51.4355475,0.1020326,Station Road
51.4336677,0.1036669,Jubilee Way
51.4536215,0.134496,Sunland Avenue
51.4557464,0.1229172,Danson Road
51.4586339,0.1137906,Danson Park
51.4624823,0.1292068,Beechwood Crescent
51.4453028,0.0818676,Avery Hill Road
51.4451853,0.0817652,Avery Hill Road
51.445269,0.0819396,Restons Crescent
51.4451899,0.0819266,Halfway Street
51.4342856,0.1202737,Bexley Lane
51.4289559,0.0666206,Domonic Drive
51.4383637,0.078369,Beaverbank Road
51.4384396,0.0784665,Beaverbank Road
51.438156,0.0778382,Keightley Drive
51.4392574,0.079964,Old Farm Avenue
51.4386773,0.0740702,Avery Hill Road
51.4387497,0.0741826,Avery Hill Road
51.4394621,0.070399,Footscray Road
51.45134,0.0657939,Bexley Road
51.4514458,0.0667527,Butterfly Lane
51.4515687,0.066727,Bexley Road
51.4515771,0.066764,Bexley Road
51.4389176,0.0707929,Footscray Road
51.4365117,0.1007941,Halfway Street
51.4347416,0.1014554,Old Farm Avenue
51.4480973,0.1189919,Penhill Road
51.4478638,0.1185427,Penhill Road
51.4504832,0.1218566,Danson Road
51.4506041,0.1213731,Lakeside Close
51.4506348,0.1216352,Danson Road
51.4575594,0.1381616,Broadway
51.4567439,0.1388155,Albion Road
51.4568894,0.138701,Albion Road
51.4566995,0.1386961,Albion Road
51.4568758,0.1385989,Albion Road
51.4501738,0.1215063,Danson Road
51.4502993,0.1213689,Danson Road
51.4384314,0.126202,Stansted Crescent
51.4381921,0.1233697,Stansted Crescent
51.4382389,0.123158,Stansted Crescent
51.4386752,0.1253414,Shoreham Close
51.4389575,0.1320678,Hengrove Court
51.4535699,0.0962518,Leechcroft Avenue
51.4518046,0.1364085,Lion Road
51.4516573,0.1362513,Upton Road
51.4656029,0.1026723,Lovel Avenue
51.4555534,0.1425599,Royal Oak Road
51.456935,0.1424979,Broadway
51.4483963,0.1202675,Blendon Road
51.4652084,0.090637,Bellegrove Road
51.4662494,0.0844664,Bellegrove Road
51.4650887,0.091305,Bellegrove Road
51.4662909,0.0842485,Bellegrove Road
51.4414759,0.0795684,Avery Hill Road
51.449406,0.0808905,Avery Hill Road
51.4434296,0.0772129,Forty Foot Way
51.4548905,0.0944119,Hook Lane
51.4631982,0.101165,Kelvin Road
51.4628578,0.1018349,Unnamed
51.454858,0.0945342,Unnamed
51.4388521,0.0964268,Maple Leaf Drive
51.4393351,0.0965083,Unnamed
51.4484334,0.0827808,Anstridge Road
51.4484995,0.083507,Unnamed
51.4483011,0.0835513,Unnamed
51.4346927,0.0640861,Sidcup Road
51.4317605,0.0882757,Longlands Road
51.4401064,0.0989797,Acacia Way
51.4628209,0.1204836,Westbrooke Road
51.4583259,0.1304073,Unnamed
51.4582258,0.1313192,Upton Road
51.4633849,0.1082592,Upper Wickham Lane
51.4432897,0.1424907,Parkhurst Road
51.4418943,0.0897649,Corbylands Road
51.4597351,0.1238749,Crook Log
51.4595257,0.1238298,Danson Road
51.45981,0.1234532,Park View Road
51.4410453,0.0962827,Willersley Close
51.4405161,0.0958134,Willersley Close
51.4411256,0.0806832,Holland Gardens
51.4419824,0.0817178,Holland Gardens
51.4424958,0.0821706,Holland Gardens
51.4674188,0.1008957,Central Avenue
51.459123,0.0841823,Millbrook Avenue
51.4593916,0.0839922,Millbrook Avenue
51.4593696,0.0839104,Millbrook Avenue
51.4467591,0.1025285,Unnamed
51.4466994,0.1115567,Sherwood Park Avenue
51.446207,0.1243535,Beechway
51.4455779,0.1243064,The Avenue
51.4382407,0.1202742,Cottage Field Close
51.4356445,0.1235501,Cotleigh Avenue
51.4357374,0.1236255,Cotleigh Avenue
51.435579,0.1234957,Cotleigh Avenue
51.4630404,0.1292688,Blackthorn Grove
51.4631117,0.1307828,Blackthorn Grove
51.4631582,0.130043,Blackthorn Grove
51.4398182,0.0997951,Rowanwood Avenue
51.4391458,0.0971928,Unnamed
51.4388824,0.0967832,Maple Leaf Drive
51.4385585,0.0967786,Unnamed
51.4560533,0.1319158,Paddock Road
51.4560527,0.1319299,Paddock Road
51.4393292,0.1342204,Greenside
51.4667874,0.1285523,Brampton Primary School
51.442258,0.1004885,Acacia Way
51.440295,0.1154867,Viewfield Road
51.4556773,0.1425486,Albion Road
51.4557596,0.1424637,Royal Oak Road
51.4617903,0.1132796,Welling High Street
51.4621807,0.1134385,Unnamed
51.4468611,0.0831373,Anstridge Road
51.4469041,0.0836143,Anstridge Road
51.4456545,0.0870945,Greenhithe Close
51.4666472,0.0930839,Camborne Road
51.4501131,0.1113473,Unnamed
51.4669911,0.1033722,Bennett Close
51.4406523,0.0996684,Rowanwood Avenue
51.4405645,0.1001853,Unnamed
51.4601302,0.1372206,Princess Street
51.4343995,0.0635586,Green Lane
51.4467088,0.1404439,Upton Road South
51.4590754,0.1260203,Unnamed
51.4462625,0.0832758,Anstridge Road
51.4463086,0.0837675,Anstridge Road
51.4505237,0.083935,Alderwood Road
51.4467527,0.0846758,Alderwood Road
51.4467831,0.0850257,Alderwood Road
51.4330911,0.0775469,Footscray Road
51.4399659,0.068405,Ivor Grove
51.4352796,0.0954151,Old Farm Place
51.4594388,0.1258179,Crook Log
51.4393543,0.0864698,Valliers Wood Road
51.433465,0.1104124,Faraday Avenue
51.4327457,0.109899,Cleeve Park Gardens
51.443218,0.0848403,Taman Mews
51.4435024,0.0843723,Southspring
51.4339504,0.130763,Diana Close
51.4340317,0.1307457,Diana Close
51.4642475,0.0946191,Welling Way
51.4500462,0.066004,Oakways
51.4559108,0.0870556,Orchard Rise West
51.4509385,0.0912741,Alexander Close
51.4485986,0.0834834,Unnamed
51.4467007,0.0850442,Alderwood Road
51.4468628,0.0850098,Alderwood Road
51.4388069,0.0983452,Maple Leaf Drive
51.4481017,0.118614,Penhill Road
51.4482009,0.118535,Bleddyn Close
51.435598,0.102689,Hurst Road
51.435238,0.1021536,Station Road
51.4468252,0.1124247,Sherwood Park Avenue
51.4481225,0.1233716,Blendon Road
51.4672619,0.0871389,Hill View Drive
51.430195,0.0895633,Woodside Crescent
51.4645294,0.0947217,Bellegrove Road
51.4645077,0.0948601,Bellegrove Road
51.4484425,0.1086867,Clayworth Close
51.4594181,0.084093,Millbrook Avenue
51.4626988,0.1086036,Springfield Road
51.4386449,0.0939735,Maple Leaf Drive
51.4389854,0.0940958,Maple Leaf Drive
51.4413467,0.1011985,Unnamed
51.4410849,0.1008916,Rowanwood Avenue
51.4383539,0.0944272,Firside Grove
51.4417182,0.1006693,Redwood Close
51.4419413,0.0991579,Unnamed
51.4419105,0.0995209,Acacia Way
51.4382831,0.0983133,Maple Leaf Drive
51.4396134,0.0994065,Acacia Way
51.4573101,0.064575,Glenesk Road
51.4570365,0.0646734,Glenesk Road
51.4524379,0.0992063,Lyndon Avenue
51.4524591,0.0991274,Lyndon Avenue
51.4531159,0.1037581,Westwood Lane
51.4514737,0.1071954,Wellan Close
51.451534,0.1073535,Wellan Close
51.4511089,0.1126636,Radnor Avenue
51.4510181,0.1127683,Radnor Avenue
51.4504464,0.1157789,Lakeside Close
51.4504701,0.1158908,Lakeside Close
51.4513295,0.1229877,Sandhurst Road
51.456708,0.131643,Upton Road
51.4534823,0.1323048,Barton Close
51.4535115,0.1324219,Barton Close
51.4533875,0.1342698,Robin Hood Lane
51.4533634,0.1342047,Robin Hood Lane
51.4536601,0.1344484,Sunland Avenue
51.45426,0.1399538,Oaklands Road
51.4449158,0.064814,Inca Drive
51.4445113,0.1425185,Upton Road South
51.4441608,0.1416602,University Gardens
51.444085,0.141786,University Gardens
51.4438677,0.1433479,Upton Road South
51.4499779,0.1135968,Westerham Drive
51.4635989,0.1418513,Unnamed
51.4633773,0.1351536,Glengall Road
51.4266262,0.1154101,Bexley Lane
51.4348735,0.0636101,Sidcup Road
51.4349379,0.0641531,Southwood Road
51.4348262,0.0637343,Sidcup Road
51.436066,0.1259923,Steynton Avenue
51.4347751,0.0635312,Sidcup Road
51.4254421,0.0877967,Sidcup By-pass
51.4358364,0.0930958,Old Farm Place
51.4354583,0.0929586,Old Farm Place
51.4353605,0.0954516,Old Farm Place
51.4351985,0.0953768,Old Farm Place
51.4414697,0.0831266,Holland Gardens
51.4486046,0.0891146,Copsewood Close
51.4582753,0.1307227,Unnamed
51.4581843,0.1302578,Unnamed
51.45814,0.1305413,Unnamed
51.4579317,0.1305825,Unnamed
51.4482269,0.0883204,Parish Gate Drive
51.4528034,0.0860597,Rennets Close
51.4531463,0.086019,Rennets Close
51.457617,0.1322483,Emerton Close
51.4518219,0.1332989,Fairway
51.4623235,0.1173775,Warwick Road
51.4623686,0.1174019,Warwick Road
51.4427711,0.0822437,Unnamed
51.4546908,0.1315345,Timothy Close
51.4507826,0.0973911,Hawthorn Terrace
51.4507604,0.0975552,Hawthorn Terrace
51.4485164,0.1085547,Clayworth Close
51.4485163,0.1086836,Clayworth Close
51.4644236,0.0954026,Bellegrove Road
51.4644943,0.0949469,Bellegrove Road
51.4577473,0.1274147,Dallin Road
51.4567778,0.1247189,Sydney Road
51.4511597,0.1052753,Gwillim Close
51.4510402,0.1052227,Gwillim Close
51.44532,0.1345907,Kemsing Close
51.4453467,0.1344458,Kemsing Close
51.4482045,0.1380113,Basing Drive
51.4482943,0.1379923,Basing Drive
51.4478513,0.1380024,Willow Close
51.4478137,0.1380394,Willow Close
51.4475789,0.1370221,Southview Close
51.4475429,0.1369332,Southview Close
51.4446477,0.1402845,Shuttlemead
51.4446162,0.1404555,Shuttlemead
51.4452251,0.1400113,The Ridge
51.4452695,0.1399315,The Ridge
51.4478407,0.1413675,Hartlands Close
51.4478195,0.141224,Hartlands Close
51.4481006,0.1411794,Hartlands Close
51.4479462,0.1420742,Baynham Close
51.4477642,0.142685,Baynham Close
51.4438096,0.1416676,University Gardens
51.4630781,0.1081477,Upper Wickham Lane
51.4322053,0.0757478,County Gate
51.4320604,0.0757712,Sidcup Road
