51.4387142,0.098337,Maple Leaf Drive
51.4387978,0.0976323,Maple Leaf Drive
51.4388357,0.0957464,Maple Leaf Drive
51.4390594,0.0937863,Willersley Avenue
51.4380709,0.0974425,Larch Grove
51.4373557,0.0989195,Larch Grove
51.4372775,0.0990526,Larch Grove
51.4372865,0.0988406,Larch Grove
51.4382076,0.0963673,Baytree Close
51.4384386,0.0933349,Willersley Avenue
51.4407395,0.0951422,Willersley Close
51.441422,0.0957461,Willersley Avenue
51.4346785,0.102371,Station Road
51.4404541,0.0960013,Willersley Close
51.4329093,0.1027048,Station Road
51.4318195,0.1024435,Station Road
51.4307931,0.1021542,Station Road
51.4285932,0.1012598,Victoria Road
51.4276582,0.1013119,Station Road
51.4296216,0.1019119,Station Road
51.4237044,0.101056,Sidcup Place
51.4364596,0.0923673,Old Farm Place
51.4388287,0.0810251,Old Farm Avenue
51.4403358,0.0774283,Old Farm Avenue
51.4375718,0.0721952,Southwood Road
51.4391622,0.0894943,Longmeadow Road
51.4370163,0.0710791,Southwood Road
51.4383447,0.0821112,Old Farm Avenue
51.4375088,0.084933,Old Farm Avenue
51.4374787,0.0851613,Old Farm Avenue
51.4398517,0.0763098,Keightley Drive
51.4350975,0.074946,Thaxted Road
51.4368771,0.0729406,Footscray Road
51.4396513,0.0724244,Reventlow Road
51.43904,0.0746905,Eastnor Road
51.437648,0.0758575,Eastnor Road
51.4374884,0.0769881,Merchland Road
51.4397786,0.0761395,Sparrows Lane
51.4408753,0.0785977,Sidewood Road
51.4395169,0.0756261,Merchland Road
51.4328973,0.0959753,Longlands Road
51.4328583,0.1044552,Hatherley Road
51.4318449,0.1006749,Manor Road
51.4307592,0.0981663,Crescent Road
51.429605,0.0978405,Sandhurst Road
51.4285387,0.097526,Victoria Road
51.4277321,0.0996734,Stanhope Road
51.426465,0.0996192,Main Road
51.4328595,0.1056675,Jubilee Way
51.4335395,0.0768226,Footscray Road
51.433116,0.0775094,Telford Road
51.4285668,0.0896212,Stafford Road
51.4280634,0.0922095,Orchard Road
51.4274952,0.0936261,Updale Road
51.4317358,0.09826,Priestlands Park Road
51.426664,0.0969244,Main Road
51.4410282,0.1029048,Marlborough Park Avenue
51.4403624,0.1027666,Marlborough Park Avenue
51.4385729,0.1024338,Marlborough Park Avenue
51.4414795,0.1075031,Collindale Avenue
51.4403999,0.1048158,Chatsworth Avenue
51.4395522,0.1047024,Welbeck Avenue
51.439493,0.1025972,Welbeck Avenue
51.4385032,0.1016308,Rowanwood Avenue
51.4400819,0.1008543,Rowanwood Avenue
51.4399349,0.0995821,Rowanwood Avenue
51.4399138,0.0993231,Rowanwood Avenue
51.4399681,0.0997017,Rowanwood Avenue
51.4390825,0.0896395,Halfway Street
51.4420096,0.0855276,Halfway Street
51.4363598,0.0718173,Bishops Close
51.4287916,0.1100463,Lansdown Road
51.4321864,0.1044226,Hatherley Road
51.4328007,0.1105099,Cleeve Park Gardens
51.4328,0.1106823,Cleeve Park Gardens
51.4314219,0.1061627,Lansdown Road
51.4416796,0.0860487,Halfway Street
51.4421146,0.0938603,Wyncham Avenue
51.4417942,0.0946536,Braundton Avenue
51.438879,0.0971272,Maple Leaf Drive
51.4389015,0.0903179,Wyncham Avenue
51.4386614,0.0922071,Halfway Street
51.43947,0.0889364,Halfway Street
51.4402811,0.0880479,Halfway Street
51.4408787,0.0871719,Woodbine Road
51.4420956,0.0892578,Woodbine Road
51.4389159,0.0793582,Oakley Drive
51.437656,0.0814081,Oakley Drive
51.4378377,0.0790842,Oakley Drive
51.4393773,0.0785776,Roberts Close
51.437721,0.0781356,Keightley Drive
51.4277709,0.1112396,The Drive
51.4275064,0.1076106,St Johns Road
51.4292025,0.1096085,St Johns Road
51.4262886,0.1027954,High Street
51.4256104,0.104426,High Street
51.4250985,0.1052845,High Street
51.4249283,0.1057813,St Johns Road
51.4246634,0.106812,Sidcup Hill
51.4245091,0.1070697,Sidcup Hill
51.4266221,0.1072228,St Johns Road
51.4266313,0.1055747,Hadlow Road
51.4276856,0.1061169,Hadlow Road
51.4277947,0.1051273,Granville Road
51.4279992,0.1032685,Hatherley Road
51.4286423,0.1053624,Clarence Crescent
51.4297754,0.1079759,Clarence Road
51.4300338,0.105748,Clarence Road
51.4297154,0.1085037,Clarence Road
51.4270437,0.1041466,Belton Road
51.4242852,0.1047884,Grassington Road
51.4243818,0.1031718,Grassington Road
51.4238133,0.1078197,Sidcup Hill
51.4235294,0.1081937,Sidcup Hill
51.422811,0.1082385,Etfield Grove
51.4229155,0.1080214,Etfield Grove
51.4224733,0.1076597,Etfield Grove
51.4225778,0.1072899,Etfield Grove
51.4228227,0.1091815,Sidcup Hill
51.4223557,0.1098988,Sidcup Hill
51.4328532,0.094051,York Avenue
51.43246,0.0928776,Longlands Road
51.4322376,0.0914873,Woodside Road
51.4324166,0.0898718,Longlands Road
51.4318114,0.0883613,Parkhill Road
51.4301726,0.0894963,Woodside Road
51.4301752,0.0903099,Woodside Road
51.4315543,0.0912057,Woodside Road
51.4307476,0.0962499,Studland Close
51.4292341,0.0961046,Priestlands Park Road
51.4290706,0.0965292,Priestlands Park Road
51.4283401,0.0943966,Updale Road
51.429397,0.09376,Larkfield Road
51.4314883,0.0848957,Parkhill Road
51.4284198,0.0904597,Main Road
51.4290604,0.0885276,Woodside Road
51.4301337,0.0863642,Main Road
51.4349565,0.0903667,York Avenue
51.4346986,0.089409,Harland Avenue
51.4345514,0.0882943,Little Birches
51.4345023,0.0878636,Harland Avenue
51.4352055,0.0854434,Westbrooke Road
51.4304634,0.0841283,Parkhill Road
51.4318741,0.0792486,Harland Avenue
51.4329472,0.0815801,St Margarets Avenue
51.4333599,0.0827804,Marechal Niel Avenue
51.4334165,0.08295,Harland Avenue
51.4338428,0.0844691,Harland Avenue
51.4329601,0.0850551,Longlands Park Crescent
51.4305162,0.0828901,Marechal Niel Avenue
51.4348543,0.0825944,Dulverton Road
51.4341611,0.0825253,Westbrooke Road
51.4350816,0.0770116,Ermington Road
51.4360034,0.0788771,Dulverton Road
51.4354442,0.0805094,Telford Road
51.4337042,0.0785586,Telford Road
51.4351006,0.0793299,Chartwell Close
51.4343557,0.0758667,Footscray Road
51.4330526,0.0794436,Frensham Road
51.4351232,0.0814101,Frensham Road
51.4339969,0.0762798,Mervyn Avenue
51.4321041,0.075587,Sidcup Road
51.4323945,0.0742724,Sidcup Road
51.4328928,0.0749477,Mervyn Avenue
51.4333651,0.0754137,Mervyn Avenue
51.4344179,0.0738222,Thaxted Road
51.4339749,0.0731414,Thaxted Road
51.4333352,0.0724397,Thaxted Road
51.434971,0.0716777,Rushbrook Road
51.4345085,0.0708242,Rushbrook Road
51.4329053,0.0719675,Thaxted Road
51.4326006,0.0733232,Sidcup Road
51.4334142,0.0740616,Gerda Road
51.4346172,0.0722048,Gerda Road
51.4349392,0.0727248,Craybury End
51.4309314,0.0908186,Woodside Road
51.4307743,0.0914399,Recreation Road
51.4277605,0.0990771,Stanhope Road
51.430723,0.0946007,Crescent Road
51.4307434,0.0952984,Priestlands Park Road
51.4372092,0.1001103,Chestnut Close
51.4291081,0.0851705,Woodchurch Close
51.4304753,0.0838684,Woodchurch Close
51.4288122,0.086292,Partridge Road
51.4298445,0.0870878,Shirley Road
51.4278838,0.0864417,Partridge Road
51.4270893,0.0871704,Partridge Road
51.4288648,0.0888944,Northcote Road
51.4227049,0.0960736,Upperton Road
51.4227431,0.0938295,Tyron Way
51.4228851,0.0931932,Tyron Way
51.4246842,0.090267,Tyron Way
51.4267634,0.0880101,Northcote Road
51.4274987,0.0880209,Northcote Road
51.4225449,0.097531,Upperton Road
51.4277311,0.0931045,Sydney Road
51.4275988,0.0893744,Stafford Road
51.4269124,0.0899253,Stafford Road
51.4257616,0.0902832,Stafford Road
51.426495,0.0900587,Stafford Road
51.4230249,0.0977505,Willow Tree Court
51.4232864,0.0978688,Carlton Road
51.4245245,0.0984298,Carlton Road
51.4248906,0.0964746,Carlton Place
51.4236707,0.0980428,The Park
51.424957,0.099734,Sharman Court
51.4260915,0.0969152,The Crescent
51.4261315,0.0976506,The Crescent
51.4265604,0.0976818,The Crescent
51.4263631,0.096664,The Crescent
51.4266859,0.0967283,The Crescent
51.427054,0.095035,Main Road
51.4280174,0.0957878,Lyminge Close
51.428723,0.0924801,Taylors Close
51.4279514,0.0926199,Taylors Close
51.4293802,0.0899106,Lydd Close
51.4291518,0.0907292,Lydd Close
51.4276407,0.0972371,Neville Close
51.4289507,0.1040493,Aston Close
51.4286108,0.1039723,Aston Close
51.4286632,0.1034496,Hatherley Road
51.4302594,0.1044193,Gresswell Close
51.4305529,0.1044911,Gresswell Close
51.4306109,0.1039737,Hatherley Road
51.4308913,0.1045844,Gresswell Close
51.4311308,0.1031093,Laurel Close
51.4310238,0.1040877,Laurel Close
51.4267257,0.110052,Highview Road
51.4272879,0.1094945,Highview Road
51.4251752,0.1086015,Selborne Road
51.4266051,0.1117886,The Drive
51.4263685,0.111928,The Drive
51.4301934,0.1097802,Damon Close
51.4300459,0.1087303,Lansdown Road
51.4325863,0.1084393,Hemmings Close
51.4326826,0.109229,Hemmings Close
51.4330492,0.1089565,Hemmings Close
51.4334003,0.1089193,Hemmings Close
51.4231706,0.1103688,Briary Court
51.422585,0.1095212,Sidcup Hill
51.4250772,0.1110276,Rectory Lane
51.4226702,0.1025255,The Green
51.4409209,0.0786988,Avery Hill Road
51.4411311,0.0752625,Sparrows Lane
51.4409954,0.0730845,Tiverton Drive
51.4412328,0.0722252,Alverstone Gardens
51.4409799,0.0745942,Sparrows Lane
51.4419544,0.0747684,Tiverton Drive
51.4399295,0.0719696,Tiverton Drive
51.4401467,0.0715917,Lannoy Road
51.4390547,0.0718133,Reventlow Road
51.4385865,0.0725298,Novar Road
51.4380838,0.0716862,Novar Road
51.4395109,0.0711802,Brentwood Close
51.4393525,0.0704693,Footscray Road
51.440179,0.0840795,Cambria Close
51.4402741,0.0839129,Cambria Close
51.440085,0.0842377,Cambria Close
51.4409893,0.0870066,Halfway Street
51.4396647,0.0844741,Valliers Wood Road
51.4404082,0.0878931,Valliers Wood Road
51.4394377,0.085785,Valliers Wood Road
51.4392511,0.0872518,Valliers Wood Road
51.4389736,0.0855736,Vincent Close
51.4388742,0.086146,Vincent Close
51.4384027,0.0840271,Valliers Wood Road
51.4371957,0.0943918,Lamorbey Close
51.4374414,0.0928294,Pinewood Avenue
51.4372389,0.0954791,Lamorbey Close
51.4368043,0.0951881,Lamorbey Close
51.4364947,0.0964792,Lingey Close
51.4369775,0.0973364,Old Farm Road West
51.4374929,0.0979471,Old Farm Road West
51.4356379,0.0969059,Old Farm Road West
51.4367697,0.0999387,Old Farm Road East
51.4350637,0.0991347,Old Farm Road East
51.4354794,0.1009435,Unnamed
51.4351328,0.1043203,Hurst Road
51.4347709,0.1085923,Hurst Road
51.4343189,0.1048585,Greenwood Close
51.439383,0.0817939,Sidewood Road
51.4384554,0.0877813,Pinewood Avenue
51.4369308,0.0995087,Halfway Street
51.4244039,0.1081293,Rectory Lane
51.4322856,0.102584,Station Road
51.4290499,0.0976558,Priestlands Park Road
51.4384478,0.0727509,Gaitskell Road
51.439379,0.0740313,Stanley Close
51.4381195,0.0883095,Pinewood Avenue
51.4378834,0.087518,Brindle Gate
51.4417325,0.0878297,Merrilees Road
51.4420185,0.0940989,Annandale Road
51.431891,0.1024698,Station Road
51.4385926,0.0711348,Reventlow Road
51.4353246,0.072569,Craybury End
51.4350839,0.0734445,Craybury End
51.4358361,0.0758762,Dulverton Road
51.4358376,0.0756783,Agaton Road
51.4347811,0.0777131,Brendon Road
51.4346442,0.0777236,Agaton Road
51.4324217,0.0803183,Harland Avenue
51.4317974,0.0793433,Harland Avenue
51.4323506,0.080416,Harland Avenue
51.4328716,0.0816425,St Margarets Avenue
51.4332795,0.0828485,Marechal Niel Avenue
51.4337653,0.0845147,Harland Avenue
51.4344575,0.0883858,Little Birches
51.4346113,0.0895242,Harland Avenue
51.4349087,0.0905948,York Avenue
51.4333372,0.0830205,Harland Avenue
51.4344218,0.0878969,Harland Avenue
51.4337344,0.0937832,York Avenue
51.434879,0.0906564,York Avenue
51.434898,0.0943497,Northbourne Court
51.4329303,0.0876597,Marlwood Close
51.4332563,0.0878144,Marlwood Close
51.433223,0.0879912,Marlwood Close
51.4332905,0.0876355,Marlwood Close
51.4320852,0.0847773,Longlands Park Crescent
51.4320402,0.0843045,Braemar Gardens
51.4321006,0.0843098,Braemar Gardens
51.4319841,0.0843004,Braemar Gardens
51.4316051,0.0851372,Parkhill Road
51.4311303,0.0856864,Croft Way
51.4302795,0.0876262,Shirley Road
51.4297516,0.089112,Woodside Road
51.4301845,0.0878885,Shirley Road
51.4301025,0.0908098,Woodside Road
51.4303713,0.0888984,Peatfield Close
51.4294577,0.0899495,Lydd Close
51.4292841,0.0898175,Lydd Close
51.42819,0.091635,Main Road
51.4291268,0.0921273,Alder Road
51.4281552,0.0881872,Northcote Road
51.4283416,0.0876817,Minerva Close
51.4323645,0.0786086,Footscray Road
51.4316124,0.0784111,Aldwick Close
51.4315387,0.0796699,Main Road
51.431446,0.0795237,Footscray Road
51.430933,0.0808672,Main Road
51.4319029,0.0809799,Blenheim Court
51.43076,0.081552,St Margarets Avenue
51.4318179,0.0976631,Rangeworth Place
51.4321728,0.0976313,Rangeworth Place
51.4314738,0.0946466,Chyngton Close
51.4314063,0.0952657,Priestlands Park Road
51.4256022,0.0989301,The Crescent
51.4258736,0.0976517,The Crescent
51.4258139,0.0949971,The Crescent
51.4262121,0.0949419,The Crescent
51.4266244,0.0948359,Berens Court
51.4250927,0.0905183,Sydney Road
51.4237911,0.0930302,Stirling Close
51.424036,0.0930485,Stirling Close
51.4241398,0.0931433,Stirling Close
51.4248038,0.0969388,Cloudesley Close
51.4235425,0.096307,Cloudesley Close
51.4235085,0.0962893,Cloudesley Close
51.4239512,0.0959789,Cloudesley Close
51.4240348,0.095543,Cloudesley Close
51.423859,0.0964592,Cloudesley Close
51.4253732,0.1047638,High Street
51.4250708,0.1043196,Black Horse Road
51.4246192,0.1040959,Black Horse Road
51.425352,0.1036637,Back Road
51.423811,0.1035987,The Green
51.4236402,0.1034473,The Green
51.4226314,0.1027678,Sidcup Place
51.4245017,0.1113228,Glyn Drive
51.4245449,0.1085382,Selborne Road
51.4284687,0.1039385,Aston Close
51.4263923,0.1017935,High Street
51.426709,0.1018723,Chaplin House
51.4272208,0.1020023,Chaplin House
51.4266866,0.1020922,Chaplin House
51.4268589,0.1019067,Chaplin House
51.4268283,0.1021756,Chaplin House
51.4278799,0.1043141,Granville Road
51.4272568,0.1040753,Granville Mews
51.4332249,0.1104335,Cleeve Park Gardens
51.4332138,0.1099158,Cleeve Park Gardens
51.4332775,0.1089281,Hemmings Close
51.433296,0.1094167,Hemmings Close
51.4332497,0.1082164,Hemmings Close
51.4325734,0.1092622,Hemmings Close
51.4328024,0.1087355,Hemmings Close
51.4307685,0.105971,Birkbeck Road
51.4307307,0.1051327,Becks Road
51.4289677,0.1054525,Stanley Road
51.4290767,0.1045631,Stanley Road
51.4289715,0.11086,Tarling Close
51.4284145,0.110627,The Drive
51.4282333,0.107819,St Johns Road
51.4283712,0.1069024,Ash Close
51.4350235,0.1084428,Hurst Road
51.4258033,0.1024074,Nelson Road
51.4319411,0.1032064,Maltings Mews
51.4329048,0.0991718,Longlands Road
51.4323649,0.0987434,Ham Shades Close
51.4325098,0.100035,Grange Close
51.4282946,0.1068718,Ash Close
51.4239809,0.1076327,Sidcup Hill
51.4261634,0.1033998,Nelson Road
51.4356642,0.0722756,Bishops Close
51.4379956,0.0748684,Quilters Place
51.4380975,0.0743561,Quilters Place
51.4381455,0.0754446,Quilters Place
51.437845,0.0748684,Quilters Place
51.4370558,0.072752,Footscray Road
51.4373768,0.0738679,Ellis Close
51.4323429,0.0959621,Austral Close
51.432335,0.096527,Austral Close
51.4322232,0.0948928,Austral Close
51.4320802,0.0976256,Rangeworth Place
51.4320995,0.0974793,Rangeworth Place
51.4347901,0.0973412,Bursdon Close
51.4303384,0.0962588,Studland Close
51.4357533,0.0964516,Old Farm Avenue
51.4378791,0.0879979,Brindle Gate
51.4379625,0.0879792,Brindle Gate
51.4253372,0.0996926,Sharman Court
51.4333592,0.1002582,Kingsmead Close
51.4329042,0.100239,Longlands Road
51.4253853,0.105997,St Johns Road
51.4355475,0.1020326,Station Road
51.4336677,0.1036669,Jubilee Way
51.430495,0.0878391,Shirley Road
51.4383637,0.078369,Oakley Drive
51.4384396,0.0784665,Roberts Close
51.438156,0.0778382,Keightley Drive
51.4392574,0.079964,Old Farm Avenue
51.4386773,0.0740702,Lannoy Road
51.4387497,0.0741826,Stanley Close
51.4394621,0.070399,Footscray Road
51.4226345,0.099953,The Green
51.4389176,0.0707929,Footscray Road
51.4365117,0.1007941,Station Road
51.4347416,0.1014554,Old Farm Avenue
51.4244221,0.1034551,Grassington Road
51.4249842,0.1010168,Elm Road
51.4264676,0.1009345,Station Road
51.4252379,0.0974955,Kingsgrove Close
51.4247452,0.0972494,Kingsgrove Close
51.4237295,0.1010716,The Park
51.4241291,0.104665,The Green
51.4239175,0.1043173,The Green
51.4414759,0.0795684,Holland Gardens
51.4388521,0.0964268,Maple Leaf Drive
51.4393351,0.0965083,Unnamed
51.4317605,0.0882757,Longlands Road
51.4418943,0.0897649,Corbylands Road
51.4410453,0.0962827,Willersley Close
51.4405161,0.0958134,Willersley Close
51.4411256,0.0806832,Holland Gardens
51.4419824,0.0817178,Sullivan Drive
51.4252399,0.0963264,Unnamed
51.4398182,0.0997951,Rowanwood Avenue
51.4391458,0.0971928,Unnamed
51.4388824,0.0967832,Maple Leaf Drive
51.4385585,0.0967786,Unnamed
51.4244874,0.1034785,Unnamed
51.4285653,0.1068585,Ash Close
51.4406523,0.0996684,Rowanwood Avenue
51.4405645,0.1001853,Unnamed
51.4330911,0.0775469,Footscray Road
51.4352796,0.0954151,Old Farm Place
51.4393543,0.0864698,Valliers Wood Road
51.4251125,0.1093919,Rectory Close
51.4286782,0.1101649,Tarling Close
51.433465,0.1104124,Faraday Avenue
51.4327457,0.109899,Cleeve Park Gardens
51.4279826,0.0983864,Neville Close
51.4388069,0.0983452,Maple Leaf Drive
51.435598,0.102689,Hurst Road
51.435238,0.1021536,Station Road
51.430195,0.0895633,Woodside Road
51.4386449,0.0939735,Maple Leaf Drive
51.4389854,0.0940958,Maple Leaf Drive
51.4413467,0.1011985,Unnamed
51.4410849,0.1008916,Rowanwood Avenue
51.4383539,0.0944272,Firside Grove
51.4382831,0.0983133,Maple Leaf Drive
51.4358364,0.0930958,Old Farm Place
51.4354583,0.0929586,Old Farm Place
51.4353605,0.0954516,Old Farm Place
51.4351985,0.0953768,Old Farm Place
51.4414697,0.0831266,Sullivan Drive
51.429167,0.1118799,Embassy Court
51.4229792,0.0984439,Willow Tree Court
51.4234281,0.0969917,Beavers Lodge
51.4253116,0.097335,The Crescent
51.4247782,0.096422,Carlton Place
51.4322053,0.0757478,County Gate
51.4320604,0.0757712,Sidcup Road
